Thumb1,Index1,Middle1,Ring1,Pinky1,AccelX,AccelY,AccelZ,GyroX,GyroY,GyroZ,MagX,MagY,MagZ,Letter
564.0,352.0,438.0,331.0,460.0,0.2,-0.97,-0.14,5.86,4.03,0.55,-14.0,-39.0,18.0,0
565.0,351.0,438.0,331.0,460.0,0.21,-0.97,-0.17,6.53,3.85,1.16,-18.0,-39.0,19.0,0
563.0,351.0,438.0,333.0,460.0,0.21,-0.98,-0.18,7.26,2.75,-4.33,-15.0,-40.0,17.0,0
564.0,351.0,437.0,331.0,462.0,0.17,-0.96,-0.21,6.71,3.78,1.16,-20.0,-38.0,21.0,0
565.0,351.0,436.0,332.0,459.0,0.18,-0.94,-0.21,3.36,1.89,2.44,-17.0,-40.0,15.0,0
561.0,350.0,436.0,329.0,461.0,0.19,-0.96,-0.22,1.95,0.55,-2.81,-18.0,-38.0,21.0,0
560.0,350.0,435.0,330.0,462.0,0.2,-0.98,-0.22,-0.31,1.77,-1.83,-16.0,-40.0,14.0,0
559.0,351.0,435.0,328.0,460.0,0.18,-0.98,-0.2,1.22,-0.24,-2.01,-15.0,-39.0,16.0,0
558.0,350.0,434.0,331.0,457.0,0.19,-0.96,-0.21,-2.08,2.2,0.67,-18.0,-40.0,17.0,0
559.0,349.0,435.0,331.0,461.0,0.18,-0.97,-0.21,-0.43,0.06,0.92,-15.0,-40.0,19.0,0
560.0,353.0,436.0,329.0,461.0,0.18,-0.97,-0.21,-2.01,1.65,-0.18,-16.0,-38.0,16.0,0
560.0,349.0,435.0,330.0,461.0,0.18,-0.98,-0.21,-0.73,2.99,0.73,-17.0,-40.0,21.0,0
559.0,350.0,435.0,332.0,460.0,0.19,-0.97,-0.21,0.67,-1.28,-0.31,-17.0,-40.0,19.0,0
560.0,350.0,435.0,328.0,461.0,0.18,-0.97,-0.2,2.01,-0.55,-0.12,-15.0,-41.0,18.0,0
561.0,351.0,436.0,331.0,462.0,0.18,-0.97,-0.21,0.55,0.0,0.55,-17.0,-40.0,16.0,0
560.0,352.0,436.0,330.0,461.0,0.18,-0.97,-0.21,1.4,-1.28,0.67,-15.0,-41.0,19.0,0
559.0,353.0,435.0,331.0,463.0,0.18,-0.98,-0.21,1.77,-1.28,0.12,-16.0,-44.0,19.0,0
559.0,352.0,437.0,332.0,462.0,0.19,-0.97,-0.21,2.01,1.71,1.28,-16.0,-39.0,16.0,0
560.0,351.0,435.0,331.0,461.0,0.19,-0.97,-0.22,-0.43,2.81,2.14,-15.0,-38.0,16.0,0
560.0,352.0,436.0,329.0,462.0,0.19,-0.97,-0.21,-0.55,0.61,0.73,-17.0,-41.0,17.0,0
560.0,352.0,437.0,331.0,463.0,0.18,-0.97,-0.2,0.61,-0.49,0.31,-18.0,-41.0,19.0,0
560.0,352.0,436.0,330.0,461.0,0.19,-0.97,-0.21,1.04,-1.22,-1.22,-14.0,-38.0,14.0,0
559.0,353.0,436.0,331.0,463.0,0.19,-0.97,-0.21,2.2,-1.59,-0.43,-16.0,-40.0,18.0,0
559.0,352.0,437.0,331.0,462.0,0.19,-0.96,-0.22,1.16,-1.4,-0.61,-17.0,-40.0,20.0,0
559.0,352.0,438.0,331.0,462.0,0.19,-0.97,-0.21,0.49,-0.55,-0.24,-19.0,-41.0,20.0,0
560.0,353.0,436.0,332.0,462.0,0.2,-0.97,-0.21,0.73,-0.12,-1.4,-18.0,-42.0,16.0,0
560.0,353.0,437.0,331.0,462.0,0.18,-0.96,-0.21,0.92,0.06,0.18,-17.0,-38.0,19.0,0
559.0,353.0,436.0,330.0,462.0,0.2,-0.97,-0.21,0.31,0.92,-0.49,-15.0,-42.0,10.0,0
560.0,351.0,437.0,331.0,462.0,0.19,-0.96,-0.21,-0.06,0.61,0.37,-18.0,-40.0,18.0,0
561.0,354.0,436.0,332.0,460.0,0.2,-0.97,-0.21,-0.67,2.69,0.12,-15.0,-41.0,14.0,0
560.0,353.0,436.0,332.0,463.0,0.19,-0.97,-0.21,0.06,-0.24,0.55,-14.0,-42.0,16.0,0
560.0,354.0,437.0,332.0,461.0,0.2,-0.96,-0.21,0.55,-2.32,-2.08,-15.0,-41.0,15.0,0
560.0,352.0,437.0,332.0,462.0,0.18,-0.97,-0.21,-1.1,-2.75,-0.61,-17.0,-40.0,20.0,0
558.0,355.0,438.0,332.0,463.0,0.19,-0.98,-0.19,0.43,-3.23,-0.73,-17.0,-41.0,16.0,0
558.0,353.0,437.0,331.0,464.0,0.21,-0.97,-0.21,2.56,1.71,-0.24,-17.0,-40.0,17.0,0
560.0,354.0,437.0,331.0,463.0,0.17,-0.98,-0.21,3.11,-3.48,-5.07,-16.0,-42.0,16.0,0
558.0,353.0,436.0,332.0,462.0,0.17,-0.96,-0.21,1.04,-5.8,-2.01,-17.0,-41.0,20.0,0
560.0,354.0,435.0,334.0,462.0,0.19,-0.95,-0.22,-3.85,-4.82,-10.01,-17.0,-38.0,18.0,0
556.0,354.0,438.0,331.0,462.0,0.15,-0.98,-0.21,0.06,-2.93,1.46,-18.0,-38.0,19.0,0
559.0,354.0,436.0,330.0,458.0,0.15,-0.98,-0.21,8.0,-10.44,0.31,-20.0,-40.0,16.0,0
558.0,355.0,439.0,331.0,463.0,0.16,-0.97,-0.22,4.76,-9.4,-2.81,-17.0,-36.0,17.0,0
559.0,354.0,438.0,331.0,463.0,0.19,-0.99,-0.21,3.23,-10.86,3.23,-16.0,-38.0,16.0,0
557.0,353.0,436.0,332.0,462.0,0.23,-0.96,-0.21,5.74,-9.34,7.08,-20.0,-38.0,16.0,0
556.0,355.0,437.0,331.0,461.0,0.2,-0.95,-0.22,5.25,-8.85,0.06,-16.0,-40.0,18.0,0
554.0,353.0,437.0,332.0,464.0,0.2,-0.96,-0.23,1.16,-7.69,0.31,-17.0,-38.0,17.0,0
553.0,354.0,437.0,330.0,461.0,0.19,-0.97,-0.23,-0.92,-12.15,-1.16,-17.0,-38.0,11.0,0
554.0,354.0,437.0,330.0,460.0,0.23,-0.97,-0.21,1.4,-20.87,-7.14,-18.0,-38.0,18.0,0
550.0,355.0,437.0,329.0,461.0,0.2,-0.98,-0.22,2.87,-13.43,1.22,-16.0,-34.0,21.0,0
552.0,354.0,438.0,331.0,461.0,0.2,-0.96,-0.2,6.1,-13.79,-0.12,-20.0,-33.0,19.0,0
551.0,354.0,437.0,331.0,462.0,0.22,-0.96,-0.21,7.02,-11.54,-7.93,-17.0,-34.0,16.0,0
552.0,355.0,436.0,331.0,460.0,0.2,-0.95,-0.24,7.93,-24.11,-12.94,-18.0,-33.0,21.0,0
549.0,355.0,438.0,331.0,462.0,0.16,-0.97,-0.23,1.53,-9.4,-3.91,-20.0,-34.0,16.0,0
552.0,354.0,437.0,331.0,460.0,0.21,-0.97,-0.19,-4.7,-6.59,-1.59,-19.0,-34.0,16.0,0
550.0,357.0,436.0,330.0,461.0,0.23,-0.97,-0.2,-1.22,-5.92,-3.11,-20.0,-31.0,19.0,0
552.0,357.0,438.0,330.0,460.0,0.19,-0.98,-0.22,-0.67,-15.26,-7.08,-19.0,-33.0,18.0,0
551.0,355.0,437.0,329.0,460.0,0.19,-0.98,-0.2,1.53,-13.79,-3.23,-21.0,-30.0,16.0,0
550.0,355.0,440.0,330.0,456.0,0.2,-0.97,-0.18,4.88,-21.55,-7.57,-20.0,-29.0,19.0,0
549.0,356.0,438.0,329.0,457.0,0.18,-0.94,-0.19,4.46,-33.94,-15.44,-21.0,-28.0,18.0,0
548.0,355.0,440.0,327.0,458.0,0.12,-0.98,-0.2,4.33,-18.8,-8.67,-19.0,-26.0,20.0,0
548.0,354.0,437.0,330.0,456.0,0.16,-0.98,-0.2,7.69,-24.17,-4.33,-21.0,-26.0,18.0,0
549.0,356.0,437.0,329.0,458.0,0.18,-0.98,-0.18,2.01,-23.19,-3.66,-22.0,-25.0,22.0,0
549.0,355.0,437.0,326.0,457.0,0.22,-0.97,-0.17,-0.67,-11.47,-1.83,-22.0,-25.0,19.0,0
546.0,355.0,437.0,328.0,456.0,0.19,-0.96,-0.2,3.11,-21.97,1.34,-18.0,-25.0,19.0,0
545.0,355.0,437.0,327.0,454.0,0.18,-0.98,-0.19,-0.61,-16.54,0.73,-23.0,-24.0,18.0,0
543.0,356.0,437.0,329.0,456.0,0.22,-0.98,-0.16,3.78,-12.82,-3.42,-21.0,-25.0,17.0,0
544.0,356.0,439.0,327.0,456.0,0.21,-0.97,-0.18,4.64,-14.95,-2.56,-20.0,-23.0,14.0,0
544.0,355.0,435.0,327.0,455.0,0.19,-0.98,-0.19,0.24,-9.16,-1.28,-21.0,-21.0,19.0,0
541.0,356.0,435.0,326.0,457.0,0.14,-0.97,-0.21,4.58,-22.09,-4.7,-21.0,-21.0,14.0,0
545.0,356.0,435.0,326.0,456.0,0.2,-0.97,-0.18,0.85,-8.06,0.18,-23.0,-22.0,19.0,0
543.0,356.0,438.0,327.0,456.0,0.2,-0.97,-0.18,2.93,-15.14,-3.23,-20.0,-20.0,14.0,0
544.0,355.0,436.0,327.0,456.0,0.2,-0.99,-0.16,4.03,-25.09,-6.23,-23.0,-19.0,16.0,0
545.0,355.0,438.0,327.0,457.0,0.18,-0.98,-0.18,4.88,-17.27,-2.5,-23.0,-19.0,20.0,0
543.0,356.0,437.0,328.0,457.0,0.2,-0.97,-0.17,1.59,-9.4,0.24,-22.0,-19.0,11.0,0
542.0,354.0,437.0,328.0,455.0,0.21,-0.97,-0.16,1.71,-16.91,-5.25,-23.0,-17.0,14.0,0
544.0,356.0,439.0,328.0,457.0,0.21,-0.98,-0.16,2.32,-29.72,-9.83,-22.0,-18.0,15.0,0
544.0,354.0,439.0,328.0,454.0,0.16,-1.0,-0.17,5.0,-18.07,-2.5,-21.0,-15.0,15.0,0
545.0,355.0,437.0,327.0,457.0,0.21,-0.96,-0.17,2.14,-26.12,-3.78,-23.0,-14.0,15.0,0
543.0,356.0,439.0,326.0,454.0,0.19,-0.98,-0.14,1.71,-23.19,-3.11,-22.0,-15.0,16.0,0
545.0,355.0,438.0,326.0,454.0,0.17,-0.98,-0.15,6.41,-21.61,-4.82,-23.0,-15.0,11.0,0
544.0,356.0,437.0,326.0,453.0,0.18,-0.99,-0.17,10.74,-29.17,-2.69,-22.0,-13.0,12.0,0
543.0,355.0,438.0,328.0,453.0,0.21,-0.96,-0.14,3.05,-26.79,-2.87,-20.0,-12.0,12.0,0
542.0,355.0,438.0,329.0,453.0,0.19,-0.98,-0.17,6.1,-25.27,-5.68,-22.0,-8.0,8.0,0
543.0,355.0,438.0,327.0,453.0,0.23,-0.98,-0.12,6.96,-25.88,-5.19,-23.0,-11.0,8.0,0
542.0,353.0,439.0,328.0,454.0,0.23,-0.97,-0.14,2.38,-19.35,-3.3,-22.0,-10.0,5.0,0
541.0,354.0,438.0,327.0,453.0,0.23,-0.97,-0.14,-3.48,-14.47,-3.11,-21.0,-10.0,9.0,0
543.0,354.0,438.0,327.0,454.0,0.2,-0.97,-0.13,6.71,-18.8,-7.2,-22.0,-7.0,7.0,0
540.0,353.0,438.0,326.0,453.0,0.23,-0.98,-0.14,4.58,-19.65,-5.92,-23.0,-8.0,5.0,0
538.0,355.0,438.0,328.0,454.0,0.22,-0.98,-0.14,-0.49,-19.53,-5.74,-22.0,-7.0,2.0,0
540.0,354.0,438.0,327.0,453.0,0.19,-1.01,-0.13,4.27,-29.6,-8.91,-23.0,-5.0,4.0,0
539.0,353.0,437.0,325.0,454.0,0.2,-1.01,-0.12,5.0,-29.48,-6.04,-23.0,-6.0,3.0,0
538.0,352.0,439.0,328.0,454.0,0.21,-0.96,-0.1,0.67,-20.75,-2.01,-22.0,-5.0,6.0,0
537.0,353.0,438.0,327.0,454.0,0.2,-0.98,-0.12,2.93,-18.86,-1.16,-24.0,-7.0,4.0,0
537.0,354.0,437.0,327.0,453.0,0.22,-0.98,-0.12,-1.59,-19.78,0.37,-20.0,-1.0,-1.0,0
537.0,354.0,437.0,327.0,453.0,0.17,-0.94,-0.15,21.55,-26.0,-9.89,-22.0,-2.0,3.0,0
538.0,352.0,439.0,328.0,455.0,0.17,-1.02,-0.13,14.04,-20.2,-8.54,-22.0,-5.0,0.0,0
539.0,355.0,438.0,329.0,454.0,0.14,-1.01,-0.12,2.87,-10.31,-5.8,-21.0,-3.0,0.0,0
539.0,354.0,438.0,327.0,454.0,0.14,-1.0,-0.14,1.28,-8.3,-3.23,-22.0,-2.0,-3.0,0
539.0,351.0,437.0,327.0,456.0,0.18,-0.99,-0.19,5.55,-17.15,1.77,-23.0,-4.0,-7.0,0
538.0,352.0,437.0,327.0,455.0,0.16,-0.99,-0.15,-0.18,-14.04,2.75,-21.0,-2.0,0.0,0
537.0,352.0,439.0,328.0,457.0,0.18,-0.99,-0.15,1.65,-9.34,-1.89,-20.0,-2.0,-11.0,0
535.0,354.0,437.0,327.0,454.0,0.2,-0.98,-0.09,-6.96,-6.65,8.54,-23.0,-1.0,-3.0,0
536.0,355.0,438.0,328.0,455.0,0.25,-0.96,-0.15,3.91,-16.91,-5.37,-22.0,-1.0,-4.0,0
535.0,353.0,437.0,327.0,457.0,0.14,-1.01,-0.15,8.0,-25.02,-10.13,-23.0,-2.0,-3.0,0
535.0,353.0,437.0,328.0,456.0,0.15,-1.0,-0.1,5.31,-22.4,-5.25,-22.0,0.0,-5.0,0
533.0,354.0,438.0,327.0,455.0,0.2,-0.98,-0.15,-1.22,-16.11,-0.49,-19.0,-3.0,-11.0,0
534.0,355.0,438.0,327.0,455.0,0.17,-0.99,-0.13,0.12,-13.18,-2.01,-20.0,-1.0,-10.0,0
535.0,355.0,439.0,328.0,458.0,0.16,-0.98,-0.17,11.66,-25.09,-2.62,-20.0,-1.0,-12.0,0
534.0,353.0,439.0,328.0,456.0,0.17,-0.96,-0.15,2.01,-29.11,-2.32,-21.0,-2.0,-11.0,0
532.0,355.0,436.0,328.0,457.0,0.21,-0.99,-0.09,5.0,-20.81,-0.98,-20.0,-4.0,-11.0,0
534.0,353.0,440.0,329.0,456.0,0.18,-0.97,-0.12,12.57,-15.32,-0.37,-19.0,-3.0,-15.0,0
534.0,354.0,438.0,329.0,457.0,0.19,-0.97,-0.16,10.86,-13.12,1.28,-20.0,-5.0,-17.0,0
534.0,355.0,438.0,328.0,459.0,0.24,-0.98,-0.2,11.05,-21.3,1.16,-20.0,-4.0,-21.0,0
535.0,354.0,439.0,326.0,457.0,0.22,-0.97,-0.24,10.44,-22.58,0.06,-22.0,-4.0,-22.0,0
535.0,354.0,439.0,326.0,456.0,0.21,-0.95,-0.17,2.38,-28.38,-7.93,-21.0,-4.0,-16.0,0
535.0,355.0,437.0,328.0,457.0,0.22,-0.92,-0.13,-5.98,-13.37,0.67,-18.0,-5.0,-22.0,0
535.0,355.0,438.0,329.0,455.0,0.27,-0.96,-0.15,5.43,-16.66,-0.67,-20.0,-6.0,-21.0,0
536.0,355.0,438.0,329.0,453.0,0.22,-1.02,-0.2,10.93,-39.12,-9.34,-15.0,-8.0,-23.0,0
534.0,354.0,438.0,328.0,455.0,0.28,-0.97,-0.16,3.05,-24.66,5.43,-18.0,-9.0,-26.0,0
537.0,355.0,437.0,327.0,453.0,0.27,-0.93,-0.13,3.05,-23.5,-0.92,-16.0,-11.0,-28.0,0
532.0,355.0,436.0,329.0,452.0,0.3,-0.97,-0.15,2.08,-21.85,-6.04,-17.0,-10.0,-25.0,0
537.0,354.0,439.0,328.0,453.0,0.22,-0.96,-0.15,12.57,-37.05,-10.86,-18.0,-11.0,-28.0,0
536.0,357.0,438.0,328.0,453.0,0.24,-0.97,-0.13,10.62,-26.49,-8.79,-15.0,-8.0,-29.0,0
536.0,355.0,440.0,328.0,455.0,0.21,-0.99,-0.12,11.47,-20.32,-10.13,-15.0,-12.0,-30.0,0
536.0,355.0,440.0,328.0,453.0,0.22,-0.99,-0.14,10.01,-15.26,-11.6,-14.0,-14.0,-33.0,0
538.0,355.0,439.0,329.0,454.0,0.2,-0.98,-0.18,13.98,-18.62,-7.63,-13.0,-13.0,-30.0,0
539.0,353.0,439.0,327.0,455.0,0.19,-0.98,-0.2,11.11,-20.57,-7.32,-13.0,-11.0,-34.0,0
536.0,355.0,439.0,327.0,453.0,0.23,-0.97,-0.18,-2.14,-21.91,-2.5,-11.0,-15.0,-31.0,0
536.0,356.0,438.0,328.0,453.0,0.21,-0.96,-0.16,-3.05,-15.62,-0.73,-13.0,-15.0,-32.0,0
537.0,356.0,439.0,329.0,454.0,0.19,-0.99,-0.16,2.14,-11.23,-3.78,-12.0,-15.0,-36.0,0
537.0,354.0,439.0,329.0,456.0,0.26,-0.99,-0.11,2.62,0.06,-1.1,-11.0,-17.0,-36.0,0
537.0,352.0,439.0,330.0,455.0,0.24,-0.98,-0.2,4.21,-12.02,-4.52,-11.0,-15.0,-38.0,0
539.0,356.0,439.0,330.0,457.0,0.21,-0.96,-0.18,5.19,-19.29,-3.17,-13.0,-17.0,-37.0,0
536.0,355.0,439.0,329.0,457.0,0.21,-0.97,-0.18,2.69,-20.81,-3.3,-13.0,-17.0,-39.0,0
537.0,355.0,438.0,329.0,458.0,0.18,-0.97,-0.16,5.49,-22.58,-6.23,-10.0,-20.0,-32.0,0
539.0,355.0,438.0,327.0,458.0,0.19,-0.99,-0.16,3.48,-18.37,-3.66,-10.0,-21.0,-40.0,0
537.0,356.0,438.0,328.0,457.0,0.22,-0.99,-0.12,0.0,-13.85,-1.1,-8.0,-23.0,-35.0,0
536.0,355.0,439.0,327.0,456.0,0.19,-0.99,-0.14,6.35,-13.31,-1.1,-9.0,-23.0,-37.0,0
534.0,355.0,437.0,330.0,456.0,0.26,-0.95,-0.15,-4.58,-10.07,-0.92,-10.0,-25.0,-39.0,0
537.0,357.0,438.0,329.0,457.0,0.21,-0.98,-0.18,4.27,-21.73,-4.27,-10.0,-24.0,-37.0,0
537.0,354.0,439.0,329.0,456.0,0.2,-0.99,-0.14,5.55,-24.96,-0.31,-9.0,-27.0,-40.0,0
538.0,356.0,439.0,331.0,456.0,0.21,-0.97,-0.13,5.13,-23.86,-1.1,-8.0,-29.0,-41.0,0
538.0,356.0,440.0,328.0,455.0,0.21,-0.96,-0.14,9.16,-23.62,-3.23,-8.0,-30.0,-38.0,0
537.0,355.0,440.0,329.0,457.0,0.2,-0.97,-0.15,8.36,-22.34,-4.64,-6.0,-30.0,-43.0,0
537.0,354.0,438.0,329.0,458.0,0.21,-0.99,-0.11,4.33,-18.13,-5.31,-7.0,-34.0,-37.0,0
535.0,355.0,439.0,330.0,456.0,0.24,-0.98,-0.13,2.38,-16.24,-1.71,-7.0,-33.0,-39.0,0
537.0,355.0,439.0,329.0,458.0,0.2,-0.94,-0.14,1.16,-16.97,-6.84,-6.0,-34.0,-41.0,0
538.0,355.0,440.0,329.0,458.0,0.24,-1.02,-0.09,5.25,-12.7,-2.75,-8.0,-34.0,-42.0,0
537.0,355.0,439.0,331.0,458.0,0.2,-1.02,-0.07,2.99,-3.48,0.24,-6.0,-36.0,-35.0,0
538.0,357.0,440.0,330.0,458.0,0.21,-0.99,-0.09,-2.62,7.87,3.23,-7.0,-34.0,-36.0,0
537.0,357.0,440.0,330.0,458.0,0.23,-0.97,-0.13,0.61,11.66,5.25,-8.0,-34.0,-41.0,0
536.0,356.0,440.0,329.0,458.0,0.23,-0.95,-0.12,-1.53,13.06,5.37,-9.0,-34.0,-40.0,0
538.0,356.0,441.0,330.0,458.0,0.22,-0.95,-0.12,0.24,16.05,1.71,-4.0,-33.0,-40.0,0
539.0,355.0,438.0,330.0,458.0,0.26,-1.02,-0.16,-2.32,13.61,-1.83,-7.0,-30.0,-37.0,0
537.0,354.0,440.0,328.0,459.0,0.25,-0.98,-0.12,-0.79,17.21,5.62,-5.0,-28.0,-37.0,0
538.0,357.0,440.0,328.0,459.0,0.24,-0.98,-0.13,2.32,19.17,4.09,-7.0,-28.0,-39.0,0
538.0,357.0,440.0,329.0,458.0,0.22,-0.98,-0.17,-1.59,19.41,4.52,-9.0,-28.0,-42.0,0
536.0,357.0,440.0,329.0,458.0,0.26,-0.94,-0.14,-7.93,23.01,5.19,-9.0,-24.0,-39.0,0
539.0,355.0,439.0,329.0,458.0,0.25,-0.98,-0.16,-0.24,23.8,-1.4,-9.0,-25.0,-38.0,0
538.0,356.0,441.0,329.0,459.0,0.21,-0.98,-0.15,-2.69,28.75,4.33,-10.0,-25.0,-39.0,0
535.0,356.0,439.0,330.0,457.0,0.27,-0.97,-0.19,-2.56,31.74,5.25,-10.0,-20.0,-35.0,0
539.0,356.0,441.0,329.0,459.0,0.2,-0.98,-0.17,-5.19,28.2,1.95,-11.0,-20.0,-38.0,0
536.0,355.0,440.0,328.0,457.0,0.15,-0.98,-0.15,-3.3,25.15,-1.16,-10.0,-19.0,-40.0,0
537.0,356.0,440.0,329.0,458.0,0.23,-0.98,-0.17,0.24,21.42,7.14,-10.0,-16.0,-37.0,0
538.0,357.0,442.0,331.0,459.0,0.23,-0.96,-0.17,-9.28,32.84,8.06,-11.0,-17.0,-40.0,0
537.0,357.0,440.0,329.0,460.0,0.24,-0.93,-0.21,-4.03,33.2,3.6,-15.0,-15.0,-34.0,0
539.0,355.0,440.0,331.0,460.0,0.2,-0.99,-0.2,-7.93,28.32,-4.27,-12.0,-14.0,-33.0,0
539.0,357.0,441.0,330.0,458.0,0.16,-1.0,-0.15,-8.85,25.94,2.26,-14.0,-12.0,-34.0,0
540.0,356.0,440.0,331.0,459.0,0.23,-0.97,-0.19,-3.85,29.72,10.07,-15.0,-10.0,-31.0,0
540.0,358.0,441.0,330.0,460.0,0.2,-0.94,-0.18,-11.84,29.17,5.62,-17.0,-9.0,-29.0,0
541.0,355.0,440.0,330.0,460.0,0.21,-0.97,-0.17,-6.84,30.03,-1.95,-15.0,-7.0,-29.0,0
540.0,357.0,440.0,330.0,459.0,0.21,-0.97,-0.2,-10.74,39.12,9.89,-16.0,-6.0,-26.0,0
540.0,357.0,440.0,331.0,460.0,0.2,-0.99,-0.22,-5.07,22.52,-2.38,-17.0,-6.0,-28.0,0
541.0,357.0,441.0,330.0,460.0,0.2,-0.99,-0.16,-11.47,32.65,3.17,-16.0,-3.0,-28.0,0
540.0,357.0,440.0,330.0,459.0,0.17,-1.01,-0.13,-1.59,19.35,-2.62,-17.0,-4.0,-27.0,0
541.0,358.0,442.0,329.0,460.0,0.16,-0.99,-0.12,-5.62,22.52,4.09,-16.0,-3.0,-26.0,0
543.0,358.0,442.0,330.0,460.0,0.14,-0.97,-0.15,-8.3,28.56,5.49,-17.0,-1.0,-21.0,0
539.0,358.0,439.0,329.0,461.0,0.16,-0.95,-0.16,-1.46,28.38,2.87,-19.0,-3.0,-22.0,0
540.0,359.0,440.0,329.0,460.0,0.12,-1.01,-0.14,-3.48,19.1,-2.87,-17.0,0.0,-21.0,0
540.0,357.0,440.0,330.0,458.0,0.12,-1.02,-0.11,-11.29,22.52,6.23,-19.0,0.0,-17.0,0
541.0,358.0,441.0,330.0,460.0,0.12,-0.98,-0.15,0.92,19.1,3.97,-18.0,-1.0,-18.0,0
540.0,358.0,440.0,329.0,459.0,0.15,-0.98,-0.17,3.66,6.41,-1.95,-16.0,1.0,-12.0,0
540.0,357.0,441.0,329.0,459.0,0.13,-0.97,-0.12,-0.98,3.3,-2.38,-20.0,0.0,-14.0,0
542.0,358.0,442.0,330.0,461.0,0.16,-1.01,-0.17,3.48,-2.14,5.19,-19.0,0.0,-14.0,0
541.0,358.0,441.0,329.0,460.0,0.19,-0.97,-0.16,4.39,-6.53,5.49,-18.0,-1.0,-18.0,0
540.0,358.0,441.0,331.0,461.0,0.14,-0.97,-0.15,8.12,-4.27,-1.4,-19.0,0.0,-16.0,0
541.0,358.0,441.0,330.0,458.0,0.14,-1.01,-0.17,3.85,9.7,-0.12,-19.0,-2.0,-18.0,0
542.0,358.0,443.0,331.0,459.0,0.12,-1.01,-0.19,-1.16,16.54,6.96,-19.0,1.0,-16.0,0
539.0,358.0,440.0,331.0,459.0,0.21,-1.02,-0.2,-7.75,13.49,11.54,-17.0,0.0,-14.0,0
542.0,359.0,443.0,330.0,461.0,0.21,-0.98,-0.19,-9.89,12.21,12.39,-18.0,-3.0,-13.0,0
542.0,358.0,442.0,331.0,462.0,0.21,-0.96,-0.16,-5.07,15.81,16.91,-19.0,-3.0,-10.0,0
539.0,358.0,443.0,331.0,461.0,0.2,-0.93,-0.15,1.46,9.34,-0.73,-18.0,-2.0,-11.0,0
541.0,360.0,441.0,333.0,461.0,0.15,-0.96,-0.11,-2.44,16.78,-6.1,-20.0,-1.0,-13.0,0
540.0,357.0,442.0,332.0,459.0,0.17,-1.01,-0.11,-12.21,29.97,0.0,-21.0,-2.0,-12.0,0
541.0,357.0,441.0,330.0,460.0,0.16,-0.99,-0.15,-12.15,39.0,4.82,-20.0,0.0,-6.0,0
541.0,358.0,440.0,331.0,461.0,0.15,-0.96,-0.15,-7.87,45.41,8.18,-20.0,-2.0,-7.0,0
542.0,357.0,441.0,331.0,461.0,0.15,-1.0,-0.15,-5.43,31.19,-5.31,-20.0,-1.0,-5.0,0
541.0,358.0,442.0,330.0,461.0,0.12,-1.01,-0.11,-4.94,31.19,-0.85,-20.0,-2.0,0.0,0
543.0,358.0,440.0,330.0,460.0,0.15,-1.0,-0.12,-2.01,30.94,2.08,-19.0,0.0,-1.0,0
542.0,359.0,440.0,331.0,461.0,0.13,-0.98,-0.12,-10.99,31.68,4.09,-21.0,-2.0,0.0,0
539.0,358.0,439.0,331.0,461.0,0.14,-0.98,-0.1,-11.05,36.07,3.36,-18.0,-3.0,3.0,0
542.0,359.0,440.0,330.0,460.0,0.14,-0.98,-0.09,-6.53,38.33,-1.34,-19.0,-2.0,2.0,0
543.0,358.0,440.0,331.0,462.0,0.15,-1.0,-0.07,-8.18,43.27,-0.85,-20.0,-3.0,6.0,0
543.0,358.0,442.0,331.0,461.0,0.07,-1.03,-0.07,-7.87,32.65,-3.23,-23.0,-4.0,9.0,0
542.0,357.0,440.0,330.0,462.0,0.05,-1.0,-0.07,-11.47,28.63,-0.37,-20.0,-2.0,10.0,0
541.0,359.0,441.0,330.0,460.0,0.09,-1.0,-0.09,0.92,31.56,1.59,-19.0,-4.0,14.0,0
540.0,358.0,440.0,332.0,461.0,0.12,-1.01,-0.06,-2.26,28.56,2.81,-21.0,-6.0,18.0,0
539.0,356.0,441.0,330.0,464.0,0.09,-1.02,-0.04,-2.08,25.09,-0.06,-21.0,-8.0,18.0,0
538.0,355.0,439.0,331.0,462.0,0.08,-1.03,-0.1,-4.09,40.22,9.89,-20.0,-6.0,13.0,0
538.0,356.0,441.0,331.0,463.0,0.2,-0.99,-0.06,-5.86,41.93,8.06,-18.0,-9.0,22.0,0
539.0,359.0,439.0,329.0,463.0,0.08,-0.98,-0.08,2.32,35.58,-1.71,-19.0,-10.0,17.0,0
539.0,356.0,443.0,331.0,462.0,0.12,-1.0,-0.07,4.21,24.96,-6.53,-18.0,-14.0,19.0,0
541.0,356.0,441.0,331.0,463.0,0.1,-1.02,-0.04,-5.07,19.47,-8.06,-18.0,-11.0,18.0,0
540.0,356.0,440.0,331.0,464.0,0.1,-1.0,-0.0,-7.81,35.71,3.17,-18.0,-13.0,21.0,0
539.0,357.0,442.0,332.0,464.0,0.04,-1.02,0.0,6.16,37.96,1.89,-18.0,-15.0,20.0,0
541.0,357.0,442.0,333.0,464.0,0.08,-1.01,-0.11,3.11,40.83,5.37,-18.0,-16.0,19.0,0
539.0,358.0,442.0,330.0,463.0,0.05,-1.02,-0.14,-1.89,27.59,5.25,-18.0,-19.0,22.0,0
540.0,358.0,441.0,330.0,463.0,0.09,-0.99,-0.12,2.56,18.49,5.37,-20.0,-18.0,23.0,0
540.0,359.0,442.0,331.0,464.0,0.15,-1.0,-0.11,13.61,20.2,2.5,-20.0,-21.0,19.0,0
540.0,357.0,440.0,330.0,465.0,0.11,-1.01,-0.17,3.17,13.31,3.78,-18.0,-23.0,21.0,0
537.0,356.0,438.0,332.0,463.0,0.05,-1.0,-0.14,-2.2,11.78,2.93,-17.0,-23.0,15.0,0
540.0,356.0,441.0,332.0,464.0,0.13,-0.98,-0.07,-5.55,25.45,12.51,-17.0,-24.0,24.0,0
539.0,359.0,440.0,331.0,464.0,0.15,-0.98,-0.1,2.75,29.42,3.3,-19.0,-25.0,21.0,0
541.0,359.0,441.0,332.0,464.0,0.13,-1.0,-0.15,3.11,25.88,3.97,-17.0,-24.0,23.0,0
540.0,360.0,439.0,331.0,464.0,0.12,-1.03,-0.16,-6.41,33.51,9.46,-19.0,-28.0,21.0,0
541.0,359.0,440.0,331.0,464.0,0.13,-1.01,-0.07,-4.27,46.75,11.66,-19.0,-28.0,23.0,0
541.0,359.0,439.0,332.0,467.0,0.12,-1.01,-0.14,9.34,34.3,7.2,-18.0,-31.0,18.0,0
539.0,359.0,441.0,333.0,465.0,0.16,-1.0,-0.14,-7.39,50.29,23.56,-15.0,-36.0,14.0,0
541.0,360.0,442.0,332.0,463.0,0.16,-0.97,-0.13,-3.72,24.11,6.71,-16.0,-37.0,14.0,0
541.0,360.0,439.0,332.0,464.0,0.15,-0.97,-0.17,4.7,20.75,-0.24,-17.0,-39.0,18.0,0
539.0,360.0,439.0,331.0,464.0,0.16,-0.99,-0.15,2.81,17.64,-0.61,-14.0,-40.0,16.0,0
540.0,360.0,440.0,332.0,464.0,0.16,-0.97,-0.17,1.77,16.48,-3.54,-15.0,-39.0,17.0,0
541.0,360.0,441.0,331.0,467.0,0.16,-0.99,-0.13,-3.42,15.69,-0.43,-17.0,-38.0,20.0,0
539.0,360.0,441.0,331.0,464.0,0.12,-1.02,-0.16,0.18,16.05,-0.55,-12.0,-40.0,15.0,0
542.0,358.0,441.0,332.0,466.0,0.14,-1.0,-0.15,4.58,23.32,0.43,-13.0,-39.0,17.0,0
538.0,362.0,441.0,331.0,464.0,0.14,-0.99,-0.18,0.37,21.79,8.79,-14.0,-40.0,17.0,0
542.0,362.0,441.0,332.0,464.0,0.13,-0.98,-0.16,-6.96,18.43,13.24,-15.0,-44.0,16.0,0
543.0,360.0,441.0,332.0,466.0,0.17,-0.99,-0.16,0.73,19.96,5.68,-13.0,-45.0,19.0,0
542.0,361.0,441.0,331.0,465.0,0.15,-0.98,-0.18,5.43,20.08,3.85,-13.0,-48.0,14.0,0
543.0,362.0,443.0,331.0,466.0,0.15,-0.96,-0.2,2.62,20.2,5.31,-14.0,-45.0,14.0,0
544.0,362.0,442.0,332.0,467.0,0.19,-0.97,-0.2,-0.61,19.41,1.77,-14.0,-45.0,9.0,0
541.0,361.0,442.0,331.0,466.0,0.14,-0.99,-0.19,-0.12,18.62,-1.34,-15.0,-46.0,11.0,0
540.0,364.0,440.0,331.0,465.0,0.1,-0.99,-0.21,-1.83,16.6,1.4,-11.0,-46.0,12.0,0
543.0,362.0,441.0,331.0,465.0,0.13,-0.99,-0.17,-4.33,20.63,7.57,-14.0,-49.0,9.0,0
544.0,364.0,442.0,331.0,466.0,0.15,-0.98,-0.19,-2.93,18.92,5.0,-12.0,-48.0,15.0,0
542.0,363.0,441.0,331.0,467.0,0.11,-1.01,-0.18,-0.92,18.86,4.39,-10.0,-49.0,8.0,0
542.0,363.0,441.0,332.0,467.0,0.16,-0.97,-0.18,-4.39,21.12,10.13,-10.0,-50.0,6.0,0
544.0,363.0,443.0,332.0,467.0,0.13,-0.97,-0.18,0.98,23.8,6.04,-11.0,-49.0,7.0,0
543.0,364.0,441.0,333.0,466.0,0.19,-0.96,-0.2,-3.11,21.0,5.25,-8.0,-52.0,1.0,0
543.0,363.0,441.0,331.0,467.0,0.2,-1.0,-0.17,-8.0,21.06,6.16,-9.0,-51.0,5.0,0
543.0,361.0,441.0,332.0,466.0,0.17,-0.98,-0.17,2.44,26.86,5.55,-10.0,-53.0,0.0,0
543.0,364.0,441.0,333.0,467.0,0.15,-0.94,-0.23,9.28,26.55,1.34,-10.0,-53.0,5.0,0
544.0,363.0,442.0,333.0,466.0,0.15,-0.97,-0.2,0.43,16.72,-3.23,-9.0,-53.0,1.0,0
544.0,363.0,441.0,332.0,466.0,0.09,-1.0,-0.22,4.88,12.15,-3.6,-10.0,-51.0,4.0,0
545.0,364.0,442.0,331.0,465.0,0.14,-0.99,-0.22,3.05,12.21,1.1,-11.0,-52.0,-1.0,0
543.0,364.0,442.0,333.0,466.0,0.12,-0.97,-0.23,1.34,12.76,3.23,-10.0,-52.0,1.0,0
545.0,363.0,442.0,332.0,465.0,0.12,-0.97,-0.26,3.78,11.17,2.5,-8.0,-51.0,1.0,0
546.0,364.0,441.0,334.0,467.0,0.14,-0.97,-0.23,-0.18,14.1,4.09,-6.0,-53.0,1.0,0
544.0,365.0,440.0,335.0,466.0,0.14,-0.97,-0.23,1.16,11.84,0.24,-7.0,-54.0,0.0,0
544.0,367.0,440.0,332.0,466.0,0.12,-0.96,-0.23,1.95,13.79,0.06,-8.0,-51.0,-2.0,0
545.0,365.0,443.0,332.0,466.0,0.1,-0.97,-0.26,-1.95,12.33,0.92,-10.0,-53.0,-3.0,0
545.0,365.0,442.0,332.0,467.0,0.11,-0.97,-0.25,-5.43,8.73,0.37,-6.0,-54.0,-4.0,0
546.0,364.0,441.0,334.0,466.0,0.15,-0.97,-0.26,5.37,9.03,-5.37,-8.0,-54.0,-4.0,0
544.0,364.0,443.0,333.0,467.0,0.08,-0.96,-0.24,3.66,6.35,-1.53,-9.0,-53.0,-6.0,0
544.0,366.0,442.0,333.0,465.0,0.08,-0.97,-0.28,0.49,2.2,-1.95,-8.0,-54.0,-6.0,0
544.0,367.0,442.0,333.0,466.0,0.13,-0.99,-0.24,-1.4,1.46,2.87,-9.0,-53.0,-6.0,0
545.0,365.0,442.0,333.0,466.0,0.07,-0.99,-0.26,7.57,1.16,-3.42,-8.0,-53.0,-5.0,0
544.0,366.0,442.0,333.0,467.0,0.09,-0.96,-0.28,-0.49,-3.36,1.77,-7.0,-53.0,-8.0,0
544.0,366.0,441.0,333.0,467.0,0.12,-0.98,-0.24,-1.59,-4.82,0.49,-8.0,-52.0,-5.0,0
544.0,367.0,440.0,332.0,466.0,0.12,-0.97,-0.22,0.31,0.67,-1.77,-8.0,-51.0,-3.0,0
545.0,365.0,442.0,334.0,468.0,0.11,-0.97,-0.24,0.85,-1.4,-0.49,-7.0,-53.0,-6.0,0
542.0,368.0,442.0,334.0,465.0,0.08,-0.99,-0.24,-0.12,-2.14,2.69,-10.0,-53.0,0.0,0
545.0,366.0,442.0,333.0,466.0,0.09,-0.98,-0.26,1.04,-8.12,-2.01,-5.0,-56.0,-4.0,0
546.0,366.0,444.0,333.0,466.0,0.1,-0.98,-0.26,5.37,-25.94,-15.01,-7.0,-53.0,-4.0,0
543.0,366.0,443.0,333.0,465.0,0.09,-0.95,-0.24,-1.83,-17.15,-6.71,-8.0,-51.0,1.0,0
542.0,366.0,441.0,333.0,465.0,0.09,-0.98,-0.24,3.91,-12.15,0.12,-9.0,-53.0,-2.0,0
543.0,367.0,444.0,334.0,464.0,0.11,-0.98,-0.21,1.89,-31.49,-9.46,-7.0,-53.0,1.0,0
542.0,366.0,443.0,333.0,464.0,0.13,-0.97,-0.23,-3.78,-15.87,-2.44,-10.0,-51.0,-1.0,0
541.0,367.0,444.0,332.0,460.0,0.07,-0.97,-0.24,0.37,-15.08,-0.37,-11.0,-50.0,5.0,0
541.0,367.0,445.0,331.0,461.0,0.12,-0.98,-0.2,-3.23,-6.23,0.49,-9.0,-51.0,3.0,0
540.0,369.0,443.0,330.0,456.0,0.11,-1.0,-0.2,2.87,-19.1,-6.04,-7.0,-50.0,4.0,0
537.0,369.0,444.0,330.0,456.0,0.14,-1.0,-0.2,4.52,-23.38,-11.9,-10.0,-49.0,4.0,0
535.0,368.0,445.0,330.0,457.0,0.13,-1.0,-0.2,-0.37,-14.65,-9.46,-11.0,-49.0,9.0,0
535.0,367.0,443.0,329.0,455.0,0.11,-0.98,-0.22,0.55,-8.12,-4.7,-12.0,-46.0,5.0,0
533.0,368.0,443.0,330.0,455.0,0.15,-0.99,-0.22,-1.83,-10.38,-1.83,-11.0,-48.0,7.0,0
532.0,370.0,444.0,331.0,455.0,0.12,-0.99,-0.21,1.77,-9.03,-1.16,-11.0,-50.0,9.0,0
530.0,371.0,445.0,331.0,453.0,0.11,-0.97,-0.21,2.87,-19.78,-3.66,-11.0,-48.0,3.0,0
532.0,367.0,445.0,331.0,456.0,0.05,-1.0,-0.24,18.74,-38.21,-10.01,-15.0,-46.0,8.0,0
531.0,368.0,444.0,331.0,453.0,0.12,-0.98,-0.21,0.37,-17.52,-3.54,-11.0,-44.0,14.0,0
531.0,369.0,445.0,328.0,452.0,0.14,-0.97,-0.19,-5.31,-14.47,-4.21,-11.0,-46.0,11.0,0
528.0,367.0,444.0,330.0,452.0,0.13,-0.99,-0.21,-6.84,-13.85,-8.06,-12.0,-44.0,10.0,0
530.0,367.0,444.0,328.0,456.0,0.13,-0.99,-0.17,-12.94,-23.8,-14.04,-10.0,-42.0,13.0,0
527.0,368.0,444.0,329.0,455.0,0.02,-0.98,-0.19,4.03,-28.08,-11.29,-13.0,-40.0,14.0,0
527.0,367.0,444.0,331.0,454.0,0.06,-0.98,-0.17,1.65,-19.41,-9.77,-14.0,-38.0,15.0,0
524.0,366.0,443.0,329.0,454.0,0.07,-1.0,-0.16,1.89,-17.64,-7.69,-12.0,-40.0,18.0,0
523.0,365.0,443.0,332.0,455.0,0.06,-0.97,-0.14,-1.04,-19.04,-3.72,-14.0,-37.0,10.0,0
520.0,367.0,444.0,331.0,453.0,0.1,-1.0,-0.18,-0.49,-18.07,-1.28,-13.0,-37.0,18.0,0
520.0,367.0,444.0,330.0,452.0,0.08,-0.99,-0.18,2.75,-11.47,-0.37,-14.0,-38.0,16.0,0
519.0,367.0,443.0,330.0,455.0,0.07,-0.99,-0.18,2.5,-25.51,-2.56,-12.0,-38.0,15.0,0
519.0,366.0,445.0,329.0,455.0,0.03,-1.0,-0.2,5.37,-13.06,1.34,-12.0,-35.0,13.0,0
519.0,365.0,446.0,328.0,454.0,0.08,-0.98,-0.18,4.39,-15.5,-2.32,-14.0,-37.0,14.0,0
519.0,364.0,445.0,330.0,453.0,0.08,-1.0,-0.19,8.36,-30.88,-5.43,-12.0,-34.0,19.0,0
518.0,366.0,443.0,330.0,453.0,0.08,-0.97,-0.22,9.83,-39.98,-5.68,-16.0,-33.0,11.0,0
515.0,364.0,444.0,329.0,454.0,0.1,-0.95,-0.17,-1.83,-10.62,0.49,-17.0,-31.0,18.0,0
517.0,363.0,443.0,328.0,453.0,0.09,-0.97,-0.2,11.6,-13.98,-6.84,-15.0,-31.0,18.0,0
516.0,364.0,443.0,328.0,454.0,0.07,-1.0,-0.2,4.64,-15.08,-7.87,-16.0,-30.0,16.0,0
514.0,361.0,443.0,328.0,455.0,0.06,-0.99,-0.22,3.36,-24.23,-8.54,-14.0,-28.0,15.0,0
512.0,362.0,443.0,328.0,455.0,0.07,-0.96,-0.26,5.68,-28.93,-6.96,-15.0,-27.0,19.0,0
512.0,361.0,443.0,327.0,454.0,0.06,-0.99,-0.25,7.51,-21.18,-1.71,-15.0,-28.0,17.0,0
513.0,361.0,444.0,328.0,454.0,0.06,-0.96,-0.24,12.02,-29.79,-6.04,-15.0,-25.0,15.0,0
515.0,359.0,444.0,329.0,454.0,0.04,-0.99,-0.25,10.93,-41.87,-8.67,-16.0,-25.0,12.0,0
515.0,357.0,442.0,328.0,454.0,0.09,-0.98,-0.24,-1.16,-32.1,-13.24,-16.0,-23.0,17.0,0
517.0,357.0,443.0,328.0,456.0,0.08,-0.99,-0.19,-6.77,-14.34,-6.1,-18.0,-25.0,18.0,0
517.0,357.0,440.0,328.0,456.0,0.12,-0.96,-0.19,-4.33,-28.99,-12.57,-18.0,-17.0,20.0,0
516.0,357.0,444.0,330.0,456.0,0.03,-0.99,-0.21,-2.38,-25.82,-7.69,-19.0,-20.0,18.0,0
516.0,357.0,444.0,330.0,455.0,0.04,-0.99,-0.18,1.4,-32.47,-6.65,-20.0,-16.0,19.0,0
514.0,357.0,444.0,330.0,456.0,0.04,-0.96,-0.19,3.85,-19.71,-5.19,-18.0,-17.0,15.0,0
514.0,357.0,443.0,330.0,456.0,0.04,-1.0,-0.22,8.73,-27.1,-6.04,-16.0,-15.0,18.0,0
515.0,357.0,444.0,329.0,456.0,0.05,-0.99,-0.2,-3.42,-25.51,-6.65,-18.0,-17.0,13.0,0
515.0,356.0,442.0,329.0,455.0,0.07,-0.98,-0.18,-0.12,-15.81,-4.33,-18.0,-15.0,13.0,0
513.0,356.0,443.0,329.0,455.0,0.03,-0.99,-0.21,2.56,-23.01,-5.98,-18.0,-15.0,15.0,0
514.0,355.0,442.0,329.0,456.0,0.05,-1.02,-0.21,1.95,-20.26,-6.65,-20.0,-14.0,16.0,0
514.0,355.0,442.0,331.0,455.0,0.03,-1.0,-0.21,-0.61,-29.3,-9.89,-19.0,-11.0,16.0,0
512.0,354.0,444.0,330.0,455.0,0.04,-1.0,-0.16,0.98,-20.2,0.0,-18.0,-10.0,16.0,0
512.0,354.0,444.0,330.0,456.0,0.03,-0.99,-0.15,3.91,-17.52,-0.18,-17.0,-8.0,16.0,0
513.0,354.0,443.0,328.0,457.0,0.08,-0.99,-0.18,-7.2,-11.66,-2.75,-18.0,-10.0,16.0,0
511.0,356.0,440.0,330.0,455.0,0.08,-1.0,-0.19,5.0,-26.86,-2.5,-20.0,-8.0,13.0,0
511.0,355.0,444.0,329.0,457.0,0.09,-0.97,-0.17,1.1,-26.18,-3.72,-18.0,-8.0,13.0,0
512.0,355.0,443.0,330.0,452.0,0.08,-0.96,-0.12,-2.93,-22.52,-7.93,-20.0,-8.0,17.0,0
512.0,354.0,443.0,330.0,456.0,0.08,-0.99,-0.15,3.23,-23.68,-7.26,-18.0,-8.0,9.0,0
514.0,353.0,444.0,329.0,457.0,0.02,-1.01,-0.18,6.1,-23.93,-5.31,-19.0,-6.0,11.0,0
512.0,356.0,443.0,328.0,457.0,0.01,-1.0,-0.19,7.81,-25.57,-3.78,-19.0,-5.0,11.0,0
512.0,356.0,443.0,329.0,458.0,0.06,-1.01,-0.16,-1.53,-21.42,-3.78,-19.0,-1.0,6.0,0
512.0,354.0,443.0,329.0,456.0,0.03,-1.02,-0.17,-0.06,-20.87,-0.55,-20.0,-5.0,13.0,0
512.0,356.0,444.0,329.0,456.0,0.03,-0.98,-0.18,6.77,-28.56,-0.79,-18.0,-3.0,6.0,0
512.0,354.0,445.0,329.0,458.0,0.05,-0.99,-0.16,2.5,-30.7,-4.15,-22.0,-1.0,8.0,0
512.0,354.0,444.0,329.0,456.0,0.08,-0.98,-0.15,3.66,-33.2,-5.25,-20.0,-1.0,8.0,0
512.0,355.0,443.0,329.0,456.0,0.11,-0.98,-0.17,-3.48,-19.47,-4.27,-19.0,-1.0,9.0,0
512.0,352.0,444.0,329.0,457.0,0.07,-1.0,-0.14,3.6,-27.34,-9.52,-20.0,0.0,4.0,0
514.0,356.0,444.0,329.0,457.0,0.04,-1.0,-0.18,8.61,-27.83,-4.39,-17.0,0.0,2.0,0
512.0,355.0,443.0,330.0,455.0,0.03,-1.01,-0.18,4.03,-23.44,-6.1,-18.0,2.0,8.0,0
513.0,355.0,444.0,330.0,455.0,0.03,-0.98,-0.19,10.93,-35.52,-4.7,-18.0,0.0,0.0,0
512.0,355.0,442.0,328.0,456.0,0.08,-0.99,-0.21,8.3,-33.81,-7.08,-19.0,-1.0,0.0,0
512.0,355.0,444.0,330.0,457.0,0.05,-1.0,-0.18,2.81,-31.62,-6.96,-19.0,0.0,-1.0,0
513.0,354.0,444.0,330.0,458.0,0.04,-1.01,-0.17,6.47,-33.26,-4.15,-17.0,0.0,-2.0,0
512.0,355.0,443.0,330.0,457.0,0.08,-0.97,-0.18,4.03,-29.17,-3.48,-16.0,0.0,-6.0,0
513.0,355.0,444.0,331.0,457.0,0.09,-0.97,-0.18,-4.39,-21.55,-4.03,-18.0,0.0,-5.0,0
513.0,355.0,444.0,330.0,457.0,0.11,-0.96,-0.15,-3.54,-21.24,-5.0,-18.0,0.0,-8.0,0
515.0,355.0,443.0,329.0,457.0,0.09,-0.98,-0.16,5.68,-27.95,-8.48,-18.0,0.0,-11.0,0
512.0,355.0,441.0,330.0,459.0,0.05,-1.01,-0.18,7.26,-32.35,-11.78,-18.0,-2.0,-8.0,0
514.0,353.0,443.0,330.0,458.0,0.09,-1.0,-0.18,0.73,-24.9,-7.14,-19.0,-1.0,-9.0,0
515.0,356.0,444.0,331.0,457.0,0.05,-0.99,-0.2,-1.1,-24.72,-7.02,-17.0,0.0,-14.0,0
514.0,355.0,443.0,330.0,456.0,0.07,-0.98,-0.19,-1.83,-24.84,-4.03,-18.0,-1.0,-13.0,0
514.0,356.0,444.0,330.0,457.0,0.02,-0.98,-0.22,0.67,-24.35,-5.0,-17.0,-1.0,-15.0,0
515.0,355.0,444.0,330.0,458.0,0.06,-1.0,-0.2,1.83,-23.62,-2.26,-17.0,-2.0,-14.0,0
514.0,353.0,444.0,331.0,457.0,0.07,-1.01,-0.2,-2.93,-24.05,0.0,-18.0,-1.0,-19.0,0
515.0,356.0,443.0,330.0,458.0,0.12,-0.99,-0.17,-12.57,-21.0,5.07,-17.0,-5.0,-15.0,0
515.0,354.0,443.0,329.0,457.0,0.15,-0.96,-0.15,-6.9,-22.83,2.62,-18.0,-4.0,-10.0,0
514.0,354.0,445.0,329.0,459.0,0.08,-0.95,-0.14,1.71,-24.48,-0.61,-20.0,-4.0,-22.0,0
514.0,356.0,445.0,330.0,459.0,0.11,-1.01,-0.16,16.48,-31.74,3.48,-16.0,-4.0,-20.0,0
512.0,355.0,444.0,330.0,456.0,0.11,-1.02,-0.19,8.67,-23.68,3.05,-14.0,-4.0,-13.0,0
514.0,356.0,442.0,331.0,457.0,0.14,-0.99,-0.22,7.39,-25.02,-0.79,-15.0,-8.0,-19.0,0
513.0,355.0,445.0,329.0,458.0,0.13,-0.99,-0.22,1.28,-26.06,-1.71,-17.0,-5.0,-22.0,0
514.0,356.0,444.0,330.0,458.0,0.1,-0.99,-0.19,-4.21,-26.0,-3.48,-18.0,-8.0,-18.0,0
515.0,356.0,444.0,331.0,459.0,0.12,-0.97,-0.19,1.46,-24.35,0.98,-17.0,-10.0,-28.0,0
513.0,354.0,444.0,331.0,457.0,0.14,-0.98,-0.17,0.49,-17.27,-3.97,-17.0,-10.0,-18.0,0
513.0,355.0,443.0,330.0,459.0,0.16,-0.99,-0.12,-2.14,-15.81,-2.99,-17.0,-10.0,-19.0,0
516.0,356.0,444.0,330.0,459.0,0.16,-0.99,-0.16,2.01,-18.13,-5.31,-17.0,-10.0,-20.0,0
514.0,355.0,442.0,330.0,458.0,0.14,-1.0,-0.11,-11.23,-13.98,-4.7,-19.0,-11.0,-24.0,0
515.0,354.0,443.0,329.0,458.0,0.17,-1.01,-0.08,-2.5,-19.84,-3.6,-17.0,-9.0,-23.0,0
518.0,354.0,446.0,331.0,458.0,0.13,-0.98,-0.1,-0.06,-24.23,-5.98,-19.0,-12.0,-23.0,0
519.0,354.0,443.0,331.0,459.0,0.16,-1.0,-0.11,6.53,-22.09,-0.67,-16.0,-15.0,-27.0,0
516.0,352.0,445.0,330.0,458.0,0.19,-0.98,-0.09,-2.99,-21.24,-2.87,-17.0,-12.0,-21.0,0
516.0,351.0,444.0,331.0,457.0,0.17,-1.0,-0.06,-2.75,-17.58,-4.82,-20.0,-13.0,-27.0,0
517.0,352.0,442.0,330.0,456.0,0.13,-1.01,-0.11,7.75,-22.77,-2.38,-18.0,-15.0,-24.0,0
516.0,351.0,441.0,329.0,456.0,0.12,-1.0,-0.09,0.67,-18.07,-5.43,-18.0,-15.0,-27.0,0
518.0,351.0,443.0,330.0,456.0,0.13,-1.0,-0.08,-3.97,-15.26,-1.28,-18.0,-14.0,-31.0,0
518.0,352.0,445.0,330.0,457.0,0.13,-1.0,-0.07,0.37,-13.85,-0.24,-16.0,-16.0,-33.0,0
518.0,350.0,444.0,330.0,457.0,0.11,-1.0,-0.07,5.25,-5.92,-4.39,-18.0,-17.0,-30.0,0
518.0,352.0,444.0,330.0,456.0,0.11,-0.98,-0.08,4.46,0.43,-0.55,-17.0,-15.0,-29.0,0
518.0,352.0,445.0,330.0,457.0,0.1,-0.99,-0.11,5.13,8.24,-3.91,-14.0,-16.0,-28.0,0
518.0,351.0,443.0,329.0,458.0,0.14,-1.02,-0.1,-4.64,12.27,-2.32,-18.0,-15.0,-29.0,0
518.0,352.0,444.0,330.0,456.0,0.11,-0.99,-0.07,-3.54,9.16,1.16,-18.0,-18.0,-27.0,0
517.0,352.0,444.0,330.0,457.0,0.16,-1.02,-0.07,-2.26,-2.2,-1.4,-17.0,-15.0,-29.0,0
516.0,351.0,444.0,329.0,458.0,0.16,-1.0,-0.05,-1.4,0.67,6.53,-18.0,-14.0,-31.0,0
519.0,350.0,444.0,330.0,455.0,0.15,-1.02,-0.08,8.0,-5.31,7.14,-18.0,-15.0,-31.0,0
518.0,350.0,442.0,330.0,457.0,0.16,-0.99,-0.06,-0.49,-2.99,3.66,-15.0,-17.0,-33.0,0
518.0,351.0,444.0,330.0,456.0,0.13,-0.99,-0.05,-5.86,-2.26,-4.21,-17.0,-17.0,-31.0,0
517.0,351.0,443.0,331.0,456.0,0.14,-0.99,-0.06,0.98,2.69,-1.22,-15.0,-16.0,-30.0,0
518.0,350.0,444.0,329.0,457.0,0.16,-1.0,-0.07,4.39,0.37,2.87,-17.0,-14.0,-31.0,0
519.0,351.0,445.0,329.0,457.0,0.15,-1.02,-0.09,5.0,1.1,1.65,-17.0,-14.0,-32.0,0
519.0,352.0,445.0,328.0,459.0,0.15,-1.02,-0.07,-9.89,1.16,2.5,-17.0,-16.0,-32.0,0
520.0,351.0,444.0,330.0,456.0,0.17,-0.96,-0.07,-5.92,2.5,0.43,-15.0,-17.0,-30.0,0
521.0,351.0,445.0,327.0,457.0,0.2,-0.98,-0.06,3.6,-2.14,2.26,-18.0,-17.0,-31.0,0
519.0,351.0,445.0,328.0,458.0,0.17,-1.01,-0.08,5.37,-7.93,0.31,-16.0,-18.0,-29.0,0
522.0,353.0,444.0,330.0,456.0,0.22,-1.01,-0.06,5.0,-8.42,0.12,-17.0,-17.0,-27.0,0
520.0,353.0,444.0,328.0,457.0,0.17,-0.98,-0.07,-0.55,-8.54,-1.83,-15.0,-18.0,-35.0,0
521.0,352.0,445.0,331.0,458.0,0.15,-0.99,-0.02,-1.1,-5.92,-2.81,-16.0,-18.0,-31.0,0
521.0,352.0,444.0,330.0,457.0,0.17,-0.97,-0.04,7.87,-7.87,-2.44,-16.0,-19.0,-33.0,0
520.0,353.0,445.0,330.0,457.0,0.18,-1.0,-0.1,9.83,-6.1,-4.94,-17.0,-20.0,-33.0,0
520.0,352.0,444.0,331.0,457.0,0.17,-1.01,-0.12,12.88,-16.05,-5.98,-14.0,-18.0,-30.0,0
520.0,353.0,444.0,332.0,457.0,0.14,-1.01,-0.1,1.77,-20.26,-4.64,-17.0,-21.0,-32.0,0
520.0,351.0,445.0,329.0,457.0,0.13,-1.0,-0.09,3.3,-24.78,-1.34,-15.0,-20.0,-34.0,0
521.0,351.0,444.0,330.0,458.0,0.11,-0.98,-0.12,7.26,-27.4,0.98,-13.0,-21.0,-35.0,0
521.0,353.0,445.0,330.0,458.0,0.15,-1.01,-0.13,5.86,-28.44,-2.44,-15.0,-25.0,-39.0,0
522.0,352.0,445.0,330.0,456.0,0.17,-1.0,-0.13,2.14,-28.32,3.23,-17.0,-26.0,-35.0,0
522.0,352.0,446.0,329.0,457.0,0.17,-0.95,-0.1,2.2,-31.92,1.04,-12.0,-28.0,-38.0,0
521.0,353.0,445.0,331.0,458.0,0.17,-0.95,-0.1,11.78,-28.87,0.24,-14.0,-30.0,-36.0,0
521.0,351.0,445.0,328.0,458.0,0.18,-0.99,-0.16,15.32,-29.17,-3.3,-14.0,-31.0,-34.0,0
520.0,351.0,445.0,330.0,457.0,0.15,-1.01,-0.15,11.96,-30.52,-7.93,-12.0,-32.0,-34.0,0
520.0,353.0,445.0,331.0,458.0,0.13,-1.0,-0.13,4.33,-18.62,-1.28,-14.0,-34.0,-36.0,0
522.0,351.0,445.0,333.0,457.0,0.16,-1.02,-0.16,5.25,-13.61,1.4,-12.0,-35.0,-34.0,0
520.0,352.0,445.0,329.0,460.0,0.18,-0.99,-0.15,-5.98,-11.72,6.35,-13.0,-38.0,-39.0,0
519.0,353.0,444.0,332.0,457.0,0.21,-0.96,-0.11,-4.64,-10.8,5.13,-11.0,-38.0,-33.0,0
520.0,352.0,445.0,333.0,460.0,0.21,-0.98,-0.12,3.3,-15.01,-2.75,-11.0,-40.0,-40.0,0
520.0,354.0,446.0,330.0,457.0,0.22,-0.98,-0.11,0.73,-15.2,-2.87,-12.0,-38.0,-35.0,0
520.0,353.0,445.0,332.0,457.0,0.21,-0.99,-0.1,1.04,-19.96,-3.23,-11.0,-41.0,-33.0,0
522.0,353.0,446.0,332.0,458.0,0.18,-0.99,-0.08,3.42,-20.02,-3.17,-9.0,-41.0,-33.0,0
520.0,352.0,445.0,331.0,459.0,0.17,-0.99,-0.1,-0.37,-17.94,-3.05,-11.0,-44.0,-35.0,0
521.0,353.0,446.0,331.0,458.0,0.17,-0.99,-0.1,-0.06,-12.02,-0.92,-8.0,-43.0,-31.0,0
521.0,352.0,446.0,331.0,457.0,0.21,-0.99,-0.1,1.65,-13.92,-0.06,-10.0,-43.0,-31.0,0
521.0,352.0,444.0,331.0,458.0,0.19,-0.97,-0.1,2.38,-17.7,-1.83,-8.0,-43.0,-34.0,0
520.0,355.0,445.0,331.0,457.0,0.18,-0.99,-0.09,3.48,-17.15,-3.97,-8.0,-46.0,-31.0,0
521.0,353.0,446.0,331.0,458.0,0.2,-1.0,-0.09,4.88,-15.01,-0.06,-8.0,-45.0,-33.0,0
520.0,352.0,443.0,331.0,457.0,0.19,-0.99,-0.1,6.1,-19.65,-1.16,-10.0,-49.0,-31.0,0
518.0,354.0,444.0,331.0,458.0,0.19,-1.0,-0.08,1.28,-14.89,-2.75,-8.0,-49.0,-31.0,0
521.0,352.0,446.0,331.0,458.0,0.19,-0.99,-0.08,2.38,-14.22,-1.59,-8.0,-49.0,-31.0,0
520.0,353.0,446.0,332.0,458.0,0.21,-0.98,-0.09,0.61,-12.33,-1.1,-10.0,-50.0,-24.0,0
519.0,352.0,445.0,332.0,456.0,0.18,-0.98,-0.08,-1.46,-11.66,-4.7,-8.0,-50.0,-25.0,0
518.0,353.0,444.0,332.0,458.0,0.17,-0.99,-0.05,-0.24,-14.04,-3.85,-10.0,-52.0,-31.0,0
520.0,354.0,445.0,331.0,459.0,0.18,-1.01,-0.07,5.0,-10.68,-2.93,-7.0,-48.0,-31.0,0
519.0,351.0,445.0,332.0,457.0,0.18,-0.97,-0.1,0.12,-8.36,-7.08,-9.0,-51.0,-27.0,0
519.0,354.0,445.0,332.0,458.0,0.14,-0.99,-0.03,0.06,-8.18,-2.56,-7.0,-52.0,-22.0,0
520.0,353.0,446.0,331.0,457.0,0.18,-1.01,-0.09,6.04,-11.72,-0.67,-8.0,-51.0,-27.0,0
519.0,351.0,446.0,331.0,457.0,0.18,-1.0,-0.06,-2.87,-10.8,-4.46,-8.0,-53.0,-25.0,0
520.0,352.0,445.0,332.0,459.0,0.13,-1.0,-0.05,1.04,-10.56,-2.69,-6.0,-54.0,-25.0,0
520.0,353.0,445.0,331.0,457.0,0.15,-0.99,-0.05,-1.1,-7.26,-2.38,-6.0,-53.0,-20.0,0
519.0,354.0,446.0,330.0,457.0,0.13,-1.0,-0.05,-1.77,-6.77,-3.6,-9.0,-52.0,-24.0,0
518.0,352.0,444.0,331.0,459.0,0.14,-1.0,-0.05,0.73,-5.19,-0.98,-9.0,-52.0,-24.0,0
520.0,353.0,446.0,332.0,457.0,0.15,-1.01,-0.05,-2.56,-2.5,-1.16,-8.0,-53.0,-23.0,0
520.0,353.0,444.0,332.0,457.0,0.16,-1.0,-0.04,-0.67,-4.94,-0.12,-10.0,-54.0,-18.0,0
520.0,353.0,444.0,330.0,457.0,0.16,-1.0,-0.05,2.81,-5.07,0.79,-10.0,-53.0,-21.0,0
521.0,353.0,444.0,333.0,458.0,0.16,-1.0,-0.05,3.17,-10.86,2.26,-7.0,-51.0,-24.0,0
521.0,354.0,445.0,330.0,457.0,0.16,-0.99,-0.05,0.79,-13.85,-1.46,-6.0,-54.0,-19.0,0
520.0,353.0,446.0,331.0,457.0,0.13,-0.99,-0.03,0.79,-12.82,-3.36,-10.0,-56.0,-19.0,0
519.0,354.0,445.0,330.0,458.0,0.13,-1.0,-0.03,2.99,-7.08,1.04,-7.0,-56.0,-16.0,0
521.0,353.0,445.0,332.0,458.0,0.18,-1.0,-0.04,-0.61,-6.16,2.44,-7.0,-56.0,-13.0,0
520.0,353.0,447.0,332.0,457.0,0.17,-0.99,-0.03,0.55,-8.24,0.18,-7.0,-53.0,-18.0,0
520.0,353.0,445.0,331.0,457.0,0.16,-0.99,-0.03,4.76,-11.11,-0.67,-7.0,-55.0,-14.0,0
519.0,353.0,447.0,331.0,459.0,0.18,-1.0,-0.03,-0.85,-1.16,-0.98,-6.0,-55.0,-17.0,0
519.0,353.0,443.0,332.0,459.0,0.18,-1.01,-0.03,-4.7,-2.87,-4.7,-7.0,-56.0,-17.0,0
521.0,353.0,445.0,332.0,458.0,0.14,-1.0,-0.02,-4.03,-2.26,-2.08,-6.0,-57.0,-19.0,0
520.0,353.0,446.0,332.0,458.0,0.13,-0.98,0.01,-2.32,1.77,-1.1,-8.0,-55.0,-14.0,0
522.0,352.0,446.0,332.0,458.0,0.12,-1.0,-0.0,3.11,6.9,-2.44,-6.0,-56.0,-17.0,0
519.0,352.0,446.0,332.0,455.0,0.12,-1.03,-0.03,3.78,9.52,-2.26,-7.0,-55.0,-18.0,0
524.0,352.0,446.0,332.0,459.0,0.11,-1.01,-0.04,1.4,10.62,1.1,-7.0,-60.0,-16.0,0
521.0,352.0,447.0,331.0,459.0,0.14,-0.99,-0.03,1.1,11.66,3.36,-8.0,-53.0,-17.0,0
519.0,351.0,446.0,335.0,458.0,0.14,-0.99,-0.03,1.95,13.61,2.2,-6.0,-57.0,-20.0,0
519.0,352.0,447.0,330.0,457.0,0.13,-0.99,-0.02,-0.06,28.02,0.12,-7.0,-54.0,-18.0,0
519.0,352.0,446.0,332.0,458.0,0.1,-1.01,-0.07,3.85,25.94,-4.15,-10.0,-54.0,-19.0,0
518.0,351.0,447.0,332.0,457.0,0.08,-1.0,-0.06,0.37,30.82,-6.47,-11.0,-53.0,-26.0,0
519.0,350.0,445.0,333.0,457.0,0.08,-1.03,-0.06,-3.97,32.71,-2.14,-10.0,-49.0,-27.0,0
520.0,349.0,447.0,331.0,458.0,0.08,-1.02,-0.03,-3.48,30.33,-0.55,-10.0,-48.0,-26.0,0
519.0,349.0,447.0,333.0,458.0,0.14,-1.0,-0.06,-2.26,32.71,5.25,-9.0,-49.0,-30.0,0
519.0,350.0,445.0,331.0,458.0,0.12,-0.99,-0.08,0.61,25.09,-1.71,-10.0,-45.0,-32.0,0
517.0,349.0,445.0,331.0,459.0,0.07,-1.04,-0.06,0.67,32.41,-2.56,-10.0,-44.0,-30.0,0
519.0,347.0,445.0,332.0,459.0,0.03,-1.03,-0.05,-5.8,45.23,-0.92,-11.0,-42.0,-32.0,0
518.0,348.0,446.0,332.0,458.0,0.02,-1.02,-0.03,-16.6,61.22,-0.49,-15.0,-38.0,-33.0,0
521.0,348.0,446.0,331.0,459.0,0.11,-0.97,-0.02,-11.17,65.12,8.61,-14.0,-35.0,-34.0,0
519.0,348.0,446.0,334.0,458.0,0.2,-0.97,-0.04,-15.81,60.3,0.92,-14.0,-31.0,-34.0,0
518.0,348.0,445.0,334.0,458.0,0.1,-1.0,-0.04,-2.87,41.87,-0.67,-15.0,-29.0,-29.0,0
517.0,352.0,446.0,333.0,458.0,0.15,-0.99,-0.02,-0.67,34.79,-0.31,-18.0,-24.0,-31.0,0
520.0,349.0,447.0,332.0,459.0,0.09,-1.02,-0.01,-4.15,30.7,-5.25,-15.0,-21.0,-27.0,0
518.0,350.0,445.0,332.0,458.0,0.04,-0.99,-0.02,-4.27,30.94,-3.05,-15.0,-22.0,-33.0,0
519.0,349.0,446.0,334.0,459.0,0.05,-1.02,0.03,-11.72,35.1,-8.42,-18.0,-18.0,-26.0,0
519.0,350.0,447.0,332.0,459.0,0.04,-1.02,0.01,-7.2,40.16,-3.42,-20.0,-18.0,-31.0,0
520.0,349.0,447.0,334.0,460.0,0.12,-0.99,0.01,-1.34,39.43,3.97,-18.0,-17.0,-31.0,0
519.0,349.0,447.0,331.0,460.0,0.09,-0.98,0.02,1.77,27.4,-0.43,-21.0,-14.0,-25.0,0
520.0,350.0,447.0,332.0,460.0,0.03,-1.01,-0.05,14.4,54.02,6.65,-17.0,-12.0,-26.0,0
519.0,351.0,447.0,333.0,459.0,0.07,-1.02,0.03,5.8,2.44,-2.81,-19.0,-12.0,-25.0,0
522.0,351.0,447.0,333.0,460.0,0.04,-1.03,-0.01,14.53,7.87,-2.26,-19.0,-8.0,-25.0,0
522.0,352.0,446.0,334.0,460.0,0.04,-1.04,-0.02,14.95,13.55,7.39,-16.0,-9.0,-26.0,0
524.0,352.0,448.0,333.0,460.0,0.06,-1.01,-0.02,2.5,11.6,-2.69,-18.0,-9.0,-26.0,0
524.0,352.0,448.0,331.0,460.0,0.06,-0.99,-0.02,0.61,18.43,3.3,-14.0,-7.0,-24.0,0
522.0,352.0,448.0,333.0,459.0,0.12,-0.99,-0.06,4.64,14.53,6.1,-19.0,-8.0,-24.0,0
522.0,352.0,446.0,333.0,461.0,0.11,-0.97,-0.02,2.14,10.86,1.46,-17.0,-9.0,-22.0,0
522.0,351.0,449.0,333.0,461.0,0.11,-0.98,-0.02,-0.43,21.85,-0.24,-20.0,-5.0,-22.0,0
522.0,352.0,448.0,333.0,460.0,0.09,-1.04,-0.09,2.2,20.57,2.44,-17.0,-7.0,-21.0,0
524.0,350.0,448.0,333.0,459.0,0.05,-0.99,-0.08,-4.46,29.54,7.87,-19.0,-6.0,-17.0,0
524.0,352.0,448.0,333.0,461.0,0.12,-1.0,-0.09,14.83,7.63,6.96,-18.0,-5.0,-20.0,0
525.0,352.0,448.0,333.0,460.0,0.1,-1.0,-0.07,3.78,19.78,-1.65,-18.0,-5.0,-20.0,0
526.0,352.0,449.0,334.0,461.0,0.1,-0.98,-0.07,-1.16,31.74,-4.39,-20.0,-2.0,-18.0,0
524.0,352.0,447.0,334.0,460.0,0.12,-1.02,-0.17,15.38,28.08,-0.85,-18.0,0.0,-17.0,0
525.0,353.0,450.0,333.0,460.0,0.08,-1.05,-0.09,-1.89,26.86,-5.19,-19.0,-1.0,-17.0,0
526.0,352.0,448.0,334.0,461.0,-0.02,-1.02,-0.04,-12.27,31.37,-12.51,-16.0,-1.0,-16.0,0
524.0,353.0,448.0,331.0,460.0,0.04,-0.96,-0.03,-7.69,47.61,1.77,-16.0,2.0,-16.0,0
526.0,353.0,448.0,331.0,461.0,0.1,-0.93,-0.03,0.43,47.18,1.95,-15.0,1.0,-11.0,0
526.0,353.0,449.0,334.0,460.0,0.07,-1.01,-0.07,9.52,38.45,-8.42,-17.0,-1.0,-10.0,0
527.0,354.0,450.0,334.0,459.0,-0.0,-1.08,-0.1,6.47,35.77,-9.28,-16.0,3.0,-5.0,0
526.0,354.0,449.0,333.0,462.0,-0.04,-1.02,-0.11,-2.2,39.61,-9.03,-17.0,7.0,-3.0,0
525.0,353.0,448.0,333.0,461.0,-0.08,-1.03,-0.12,-2.32,32.65,-6.35,-15.0,5.0,-3.0,0
527.0,352.0,449.0,334.0,459.0,-0.09,-1.0,-0.01,-10.31,26.43,0.98,-14.0,6.0,-5.0,0
527.0,353.0,449.0,335.0,462.0,-0.05,-0.99,-0.03,2.14,26.55,5.43,-16.0,5.0,5.0,0
527.0,354.0,449.0,334.0,461.0,0.02,-0.97,0.01,-7.87,22.89,-0.92,-15.0,9.0,1.0,0
527.0,352.0,449.0,333.0,460.0,-0.03,-1.01,0.04,-1.28,11.05,-4.39,-15.0,5.0,2.0,0
527.0,352.0,450.0,333.0,461.0,-0.04,-0.99,-0.02,9.4,6.96,-5.19,-15.0,6.0,3.0,0
524.0,353.0,448.0,333.0,460.0,-0.04,-1.0,0.02,7.02,5.98,1.59,-15.0,7.0,2.0,0
525.0,354.0,448.0,334.0,459.0,-0.07,-1.01,-0.05,10.19,1.83,8.18,-15.0,6.0,1.0,0
526.0,353.0,448.0,334.0,459.0,-0.02,-1.01,-0.08,9.7,-0.73,8.79,-17.0,3.0,0.0,0
526.0,352.0,447.0,334.0,459.0,-0.01,-1.02,-0.15,8.36,-9.28,5.13,-17.0,4.0,1.0,0
528.0,353.0,450.0,334.0,462.0,-0.01,-1.01,-0.09,-4.15,-3.3,8.91,-17.0,2.0,0.0,0
527.0,352.0,449.0,334.0,461.0,-0.01,-0.97,-0.09,0.73,-1.22,8.73,-16.0,1.0,1.0,0
527.0,354.0,449.0,333.0,462.0,0.0,-1.02,-0.1,6.41,-0.98,10.74,-16.0,1.0,3.0,0
527.0,353.0,449.0,332.0,461.0,0.02,-1.02,-0.08,4.94,12.02,17.15,-19.0,2.0,0.0,0
529.0,353.0,448.0,335.0,462.0,0.06,-1.01,-0.05,-2.62,12.33,12.82,-19.0,4.0,0.0,0
528.0,355.0,448.0,333.0,461.0,0.13,-0.97,-0.04,-11.6,31.01,8.73,-17.0,0.0,2.0,0
526.0,355.0,445.0,336.0,462.0,0.15,-0.98,-0.04,-4.88,28.63,7.02,-18.0,-1.0,-1.0,0
528.0,354.0,448.0,332.0,462.0,0.11,-1.02,-0.08,5.37,29.36,8.54,-17.0,-3.0,3.0,0
528.0,354.0,448.0,333.0,461.0,0.15,-1.0,-0.07,-6.16,44.92,15.75,-19.0,-1.0,5.0,0
528.0,353.0,448.0,334.0,462.0,0.16,-0.98,-0.1,-6.65,58.23,12.82,-18.0,-2.0,8.0,0
531.0,352.0,449.0,334.0,460.0,0.13,-0.99,-0.09,0.31,43.7,7.2,-19.0,-7.0,8.0,0
531.0,355.0,449.0,335.0,462.0,0.17,-1.02,-0.1,-0.49,41.99,9.22,-17.0,-6.0,9.0,0
528.0,353.0,449.0,334.0,462.0,0.14,-0.95,-0.08,-2.26,28.87,0.43,-20.0,-6.0,11.0,0
529.0,355.0,448.0,334.0,462.0,0.11,-0.99,-0.13,2.26,41.5,1.34,-18.0,-6.0,13.0,0
529.0,355.0,448.0,335.0,463.0,0.12,-1.01,-0.16,4.58,44.13,1.22,-20.0,-8.0,13.0,0
531.0,354.0,446.0,334.0,461.0,0.14,-1.01,-0.16,-4.09,23.01,0.43,-18.0,-6.0,16.0,0
530.0,354.0,448.0,334.0,462.0,0.1,-1.01,-0.15,-1.83,20.69,1.16,-20.0,-8.0,15.0,0
532.0,354.0,446.0,334.0,462.0,0.1,-1.0,-0.17,5.68,18.13,2.87,-16.0,-9.0,9.0,0
532.0,354.0,448.0,335.0,464.0,0.13,-0.99,-0.17,-8.61,23.44,6.96,-19.0,-10.0,14.0,0
530.0,354.0,449.0,334.0,462.0,0.14,-0.99,-0.12,-8.97,18.74,5.92,-17.0,-12.0,19.0,0
530.0,353.0,448.0,334.0,462.0,0.12,-0.99,-0.12,-4.82,16.66,5.74,-17.0,-12.0,16.0,0
531.0,354.0,447.0,334.0,461.0,0.19,-1.0,-0.09,-5.07,15.99,0.92,-19.0,-13.0,24.0,0
531.0,355.0,448.0,334.0,461.0,0.16,-0.99,-0.1,0.49,7.81,0.79,-17.0,-15.0,14.0,0
531.0,355.0,449.0,334.0,460.0,0.12,-1.01,-0.12,2.87,18.01,3.66,-17.0,-14.0,18.0,0
531.0,355.0,448.0,334.0,460.0,0.13,-1.01,-0.1,-3.3,19.41,-0.12,-18.0,-17.0,22.0,0
536.0,354.0,446.0,331.0,463.0,0.12,-1.01,-0.1,-6.04,21.18,-10.44,-15.0,-15.0,17.0,0
535.0,354.0,443.0,333.0,464.0,0.07,-1.0,-0.13,7.57,19.53,9.03,-16.0,-14.0,17.0,0
537.0,350.0,444.0,329.0,464.0,0.13,-0.99,-0.11,-0.18,26.12,10.19,-15.0,-19.0,18.0,0
536.0,348.0,442.0,329.0,463.0,0.1,-0.98,-0.14,-1.16,32.59,6.29,-17.0,-21.0,22.0,0
537.0,347.0,440.0,330.0,462.0,0.12,-0.98,-0.14,8.97,29.79,11.84,-15.0,-20.0,18.0,0
535.0,348.0,442.0,331.0,465.0,0.16,-0.98,-0.16,8.24,25.45,17.27,-17.0,-24.0,20.0,0
538.0,348.0,443.0,331.0,465.0,0.17,-0.97,-0.18,7.08,24.41,14.53,-15.0,-25.0,19.0,0
541.0,350.0,443.0,331.0,465.0,0.22,-0.95,-0.19,1.16,32.41,8.54,-15.0,-27.0,14.0,0
538.0,351.0,441.0,332.0,466.0,0.18,-0.97,-0.18,2.93,22.89,2.87,-14.0,-28.0,19.0,0
542.0,350.0,443.0,333.0,466.0,0.15,-0.98,-0.22,9.64,16.11,1.95,-16.0,-28.0,16.0,0
541.0,350.0,445.0,333.0,467.0,0.18,-0.98,-0.22,1.89,19.78,4.94,-15.0,-30.0,19.0,0
541.0,352.0,445.0,334.0,465.0,0.18,-0.96,-0.24,-0.73,15.87,5.07,-16.0,-30.0,17.0,0
541.0,350.0,444.0,334.0,467.0,0.2,-0.96,-0.24,-4.15,8.91,0.61,-16.0,-31.0,18.0,0
540.0,351.0,445.0,332.0,466.0,0.21,-1.0,-0.22,-2.99,2.56,-3.23,-17.0,-31.0,14.0,0
542.0,352.0,444.0,332.0,465.0,0.18,-0.98,-0.21,2.26,-2.69,-0.67,-17.0,-31.0,16.0,0
542.0,353.0,445.0,334.0,467.0,0.18,-0.98,-0.22,-0.61,-4.82,-1.16,-14.0,-30.0,16.0,0
543.0,353.0,445.0,335.0,466.0,0.19,-0.98,-0.22,1.59,-14.71,-5.19,-16.0,-30.0,16.0,0
540.0,352.0,445.0,334.0,466.0,0.17,-0.98,-0.21,0.24,-13.55,-1.89,-13.0,-28.0,17.0,0
541.0,353.0,446.0,333.0,466.0,0.18,-0.95,-0.19,4.09,-19.9,-4.82,-15.0,-28.0,20.0,0
541.0,353.0,446.0,334.0,467.0,0.19,-0.96,-0.21,4.33,-10.86,-3.17,-16.0,-29.0,18.0,0
542.0,354.0,446.0,333.0,465.0,0.18,-0.98,-0.22,-0.37,-11.54,-5.07,-15.0,-30.0,17.0,0
540.0,353.0,444.0,334.0,465.0,0.17,-0.97,-0.23,-0.79,-13.0,-3.6,-17.0,-29.0,19.0,0
542.0,354.0,445.0,334.0,467.0,0.17,-0.98,-0.23,5.25,-27.83,-6.16,-15.0,-25.0,17.0,0
541.0,353.0,444.0,333.0,466.0,0.17,-0.97,-0.2,1.16,-27.34,-6.71,-17.0,-26.0,18.0,0
542.0,354.0,446.0,334.0,466.0,0.15,-0.98,-0.17,4.03,-24.41,-9.52,-16.0,-24.0,16.0,0
541.0,353.0,446.0,334.0,465.0,0.14,-0.97,-0.19,2.81,-19.29,-10.25,-18.0,-22.0,19.0,0
540.0,354.0,445.0,335.0,465.0,0.14,-0.97,-0.18,-2.93,-15.26,-8.67,-18.0,-22.0,21.0,0
542.0,353.0,447.0,334.0,467.0,0.15,-0.99,-0.17,-1.89,-11.05,-3.72,-18.0,-19.0,21.0,0
542.0,354.0,447.0,334.0,466.0,0.16,-0.98,-0.19,-3.78,-13.12,-2.2,-18.0,-20.0,16.0,0
542.0,352.0,447.0,333.0,467.0,0.13,-0.98,-0.14,1.04,-13.98,-0.43,-18.0,-19.0,16.0,0
541.0,353.0,444.0,335.0,467.0,0.15,-0.98,-0.14,2.87,-11.35,-1.77,-18.0,-17.0,16.0,0
542.0,353.0,445.0,335.0,468.0,0.13,-1.0,-0.14,4.09,-11.6,-3.66,-17.0,-18.0,19.0,0
540.0,354.0,447.0,334.0,468.0,0.16,-0.99,-0.15,6.04,-14.71,-4.7,-18.0,-17.0,20.0,0
541.0,353.0,446.0,334.0,467.0,0.14,-0.99,-0.16,7.75,-9.03,-1.16,-19.0,-16.0,14.0,0
540.0,352.0,446.0,334.0,466.0,0.14,-0.97,-0.16,3.11,-9.09,-2.75,-15.0,-17.0,17.0,0
542.0,354.0,447.0,335.0,466.0,0.15,-0.99,-0.17,5.74,-11.72,-10.74,-17.0,-16.0,12.0,0
540.0,354.0,448.0,334.0,467.0,0.11,-1.0,-0.18,0.55,-7.32,-7.08,-18.0,-12.0,11.0,0
540.0,353.0,447.0,334.0,468.0,0.12,-0.99,-0.18,-0.24,-6.47,-1.53,-18.0,-14.0,17.0,0
541.0,354.0,447.0,335.0,469.0,0.12,-1.0,-0.19,4.7,-8.61,-4.03,-20.0,-12.0,13.0,0
540.0,352.0,445.0,335.0,466.0,0.1,-0.98,-0.2,2.26,-9.58,-2.38,-17.0,-12.0,19.0,0
541.0,354.0,445.0,335.0,468.0,0.11,-0.98,-0.18,1.83,-10.01,-4.03,-20.0,-11.0,16.0,0
542.0,354.0,447.0,335.0,466.0,0.13,-0.99,-0.17,3.72,-6.35,-2.08,-19.0,-12.0,13.0,0
538.0,355.0,446.0,335.0,465.0,0.16,-0.99,-0.18,7.75,-12.21,-2.56,-18.0,-12.0,16.0,0
538.0,354.0,446.0,333.0,467.0,0.14,-0.99,-0.25,4.52,-13.85,-1.16,-18.0,-11.0,14.0,0
538.0,353.0,447.0,335.0,468.0,0.11,-0.99,-0.22,-0.18,-20.63,-3.66,-19.0,-10.0,11.0,0
537.0,352.0,447.0,334.0,467.0,0.13,-0.97,-0.18,0.18,-23.56,1.89,-18.0,-5.0,11.0,0
534.0,354.0,447.0,334.0,465.0,0.16,-0.96,-0.18,1.34,-15.93,-6.23,-18.0,-10.0,13.0,0
535.0,353.0,446.0,333.0,463.0,0.13,-0.98,-0.21,6.53,-26.98,-9.89,-20.0,-8.0,9.0,0
531.0,351.0,446.0,334.0,464.0,0.11,-1.0,-0.22,6.71,-32.17,-7.63,-20.0,-5.0,11.0,0
533.0,353.0,446.0,332.0,464.0,0.14,-0.97,-0.26,0.61,-25.63,-2.87,-18.0,-6.0,4.0,0
532.0,352.0,447.0,334.0,463.0,0.14,-0.97,-0.24,-2.69,-25.82,-5.37,-20.0,-8.0,11.0,0
532.0,352.0,446.0,334.0,464.0,0.13,-0.99,-0.17,-0.12,-43.64,-7.87,-21.0,-4.0,3.0,0
534.0,352.0,447.0,334.0,464.0,0.16,-0.97,-0.16,1.95,-57.74,-15.87,-19.0,-2.0,2.0,0
529.0,350.0,447.0,334.0,463.0,0.13,-0.98,-0.13,2.14,-54.38,-18.68,-19.0,-1.0,2.0,0
529.0,351.0,448.0,333.0,463.0,0.12,-1.0,-0.18,11.96,-58.41,-16.17,-21.0,-1.0,-2.0,0
528.0,352.0,446.0,331.0,463.0,0.06,-0.98,-0.21,13.43,-53.89,-12.33,-19.0,1.0,-6.0,0
527.0,351.0,445.0,333.0,464.0,0.09,-0.98,-0.19,-4.46,-35.03,-6.71,-22.0,0.0,-9.0,0
527.0,351.0,447.0,332.0,463.0,0.12,-0.98,-0.21,1.4,-44.07,-4.39,-19.0,-1.0,-7.0,0
524.0,350.0,448.0,334.0,464.0,0.09,-0.99,-0.17,5.74,-78.98,-13.98,-20.0,0.0,-11.0,0
525.0,350.0,447.0,332.0,462.0,0.11,-0.99,-0.16,13.37,-82.89,-13.92,-18.0,-3.0,-10.0,0
526.0,351.0,446.0,333.0,461.0,0.08,-1.0,-0.15,-0.18,-50.78,-4.76,-20.0,-2.0,-19.0,0
524.0,350.0,445.0,333.0,463.0,0.02,-1.03,-0.17,3.54,-44.31,-7.51,-18.0,0.0,-17.0,0
525.0,352.0,447.0,333.0,462.0,0.1,-0.98,-0.12,-1.65,-30.7,-4.33,-18.0,-4.0,-14.0,0
526.0,350.0,446.0,332.0,463.0,0.07,-1.0,-0.14,-1.95,-18.25,-2.69,-17.0,-3.0,-16.0,0
527.0,350.0,448.0,332.0,462.0,0.09,-0.99,-0.13,5.13,-25.82,-1.46,-17.0,-5.0,-21.0,0
526.0,353.0,446.0,333.0,464.0,0.15,-0.97,-0.13,2.32,-26.37,-0.18,-17.0,-7.0,-18.0,0
527.0,352.0,447.0,332.0,463.0,0.15,-1.0,-0.13,1.83,-22.95,-2.87,-19.0,-6.0,-18.0,0
527.0,349.0,448.0,332.0,462.0,0.1,-1.0,-0.13,2.93,-18.43,0.98,-15.0,-7.0,-22.0,0
527.0,351.0,448.0,332.0,462.0,0.04,-1.01,-0.12,-3.11,-9.77,-2.93,-17.0,-7.0,-25.0,0
527.0,351.0,447.0,332.0,464.0,0.04,-1.02,-0.08,-5.8,12.82,-6.35,-17.0,-5.0,-24.0,0
525.0,351.0,448.0,331.0,464.0,0.04,-1.02,-0.07,-17.82,46.45,-1.59,-18.0,-6.0,-20.0,0
528.0,352.0,448.0,333.0,464.0,0.07,-0.98,-0.1,-10.25,49.32,7.39,-20.0,-4.0,-17.0,0
528.0,352.0,446.0,333.0,464.0,0.11,-1.0,-0.09,-9.77,46.02,-3.17,-18.0,-2.0,-14.0,0
527.0,351.0,447.0,333.0,464.0,0.11,-1.0,-0.1,-7.51,56.58,3.17,-17.0,0.0,-11.0,0
528.0,352.0,448.0,333.0,463.0,0.09,-1.02,-0.13,-8.06,53.1,4.7,-18.0,-1.0,-9.0,0
527.0,352.0,446.0,333.0,464.0,0.11,-0.98,-0.09,-9.03,59.33,10.5,-17.0,-1.0,-3.0,0
524.0,352.0,448.0,334.0,464.0,0.07,-1.03,-0.1,26.79,37.35,14.53,-20.0,-1.0,-9.0,0
524.0,351.0,447.0,333.0,463.0,0.15,-1.01,-0.11,3.23,65.0,8.0,-19.0,-2.0,-9.0,0
518.0,350.0,447.0,332.0,463.0,0.1,-0.98,-0.11,-12.57,68.18,13.92,-18.0,0.0,-3.0,0
515.0,347.0,447.0,334.0,464.0,0.07,-1.01,-0.14,-5.74,60.0,14.53,-19.0,-2.0,-3.0,0
516.0,347.0,446.0,335.0,466.0,0.16,-1.0,-0.08,-20.14,72.08,10.19,-19.0,-1.0,3.0,0
516.0,347.0,449.0,336.0,465.0,0.12,-1.0,-0.07,-5.86,59.2,5.43,-19.0,-5.0,5.0,0
511.0,343.0,445.0,336.0,464.0,0.16,-0.99,-0.06,-11.9,82.28,11.78,-20.0,-6.0,7.0,0
507.0,340.0,446.0,333.0,466.0,0.11,-1.01,-0.16,-4.82,66.89,8.91,-18.0,-5.0,13.0,0
508.0,339.0,445.0,335.0,464.0,0.2,-0.99,-0.16,1.71,46.2,8.48,-17.0,-8.0,11.0,0
505.0,339.0,446.0,335.0,464.0,0.19,-1.0,-0.1,-4.21,45.84,17.4,-18.0,-10.0,16.0,0
507.0,341.0,448.0,334.0,463.0,0.21,-0.98,-0.1,-3.36,49.01,14.77,-16.0,-13.0,16.0,0
508.0,343.0,447.0,334.0,465.0,0.19,-0.94,-0.13,-6.71,51.51,1.83,-18.0,-15.0,17.0,0
509.0,343.0,448.0,335.0,466.0,0.19,-1.03,-0.09,-6.1,44.13,-0.92,-15.0,-16.0,20.0,0
508.0,343.0,448.0,335.0,465.0,0.14,-0.96,-0.14,-7.81,51.45,15.26,-15.0,-18.0,20.0,0
510.0,344.0,448.0,335.0,468.0,0.21,-0.98,-0.15,-12.33,78.43,13.98,-16.0,-23.0,21.0,0
510.0,344.0,450.0,336.0,467.0,0.19,-1.01,-0.17,4.64,45.53,9.28,-13.0,-24.0,25.0,0
510.0,344.0,447.0,332.0,467.0,0.24,-0.99,-0.16,4.33,33.57,2.56,-13.0,-27.0,22.0,0
509.0,344.0,449.0,334.0,465.0,0.14,-0.97,-0.14,-7.75,34.12,-3.72,-14.0,-25.0,22.0,0
509.0,345.0,450.0,332.0,465.0,0.18,-0.98,-0.15,-5.43,49.44,1.89,-12.0,-31.0,18.0,0
511.0,344.0,450.0,336.0,467.0,0.1,-0.93,-0.17,12.94,50.17,5.43,-14.0,-32.0,17.0,0
513.0,344.0,449.0,336.0,467.0,0.14,-1.05,-0.24,5.86,57.07,12.51,-13.0,-33.0,20.0,0
512.0,346.0,450.0,336.0,466.0,0.11,-1.01,-0.26,-13.61,33.14,2.56,-14.0,-36.0,16.0,0
512.0,346.0,448.0,335.0,467.0,0.2,-0.97,-0.19,-22.4,42.66,7.93,-13.0,-39.0,16.0,0
511.0,343.0,449.0,335.0,467.0,0.13,-0.99,-0.13,-10.8,28.38,8.3,-10.0,-38.0,16.0,0
512.0,347.0,449.0,337.0,468.0,0.13,-1.0,-0.1,-14.34,38.02,6.84,-10.0,-40.0,16.0,0
512.0,345.0,449.0,336.0,466.0,0.15,-1.01,-0.11,-7.93,45.41,10.56,-11.0,-41.0,22.0,0
513.0,346.0,448.0,335.0,467.0,0.11,-0.99,-0.1,-1.71,47.0,9.28,-7.0,-43.0,16.0,0
515.0,347.0,449.0,334.0,468.0,0.22,-0.94,-0.11,-19.1,61.95,8.97,-7.0,-47.0,14.0,0
512.0,348.0,450.0,337.0,467.0,0.19,-1.0,-0.18,-11.66,46.57,1.46,-7.0,-49.0,15.0,0
512.0,345.0,449.0,336.0,466.0,0.17,-1.0,-0.17,3.3,26.73,1.46,-6.0,-50.0,14.0,0
512.0,347.0,449.0,336.0,467.0,0.14,-1.01,-0.09,-23.32,39.55,13.12,-9.0,-48.0,12.0,0
512.0,348.0,448.0,335.0,468.0,0.17,-0.98,-0.11,-9.89,22.58,8.18,-6.0,-53.0,10.0,0
513.0,348.0,450.0,336.0,469.0,0.15,-0.96,-0.14,5.8,18.37,3.42,-4.0,-52.0,14.0,0
511.0,349.0,450.0,334.0,467.0,0.21,-1.01,-0.11,-5.86,28.75,5.68,-5.0,-53.0,10.0,0
511.0,347.0,450.0,334.0,467.0,0.2,-0.99,-0.12,-3.6,23.01,8.18,-5.0,-52.0,9.0,0
515.0,348.0,449.0,337.0,468.0,0.17,-0.99,-0.13,-11.84,11.54,4.64,-7.0,-55.0,11.0,0
513.0,350.0,451.0,335.0,466.0,0.17,-0.99,-0.04,-4.7,21.12,6.47,-4.0,-53.0,4.0,0
517.0,350.0,449.0,332.0,468.0,0.23,-1.0,-0.08,-1.95,38.82,4.15,-3.0,-56.0,11.0,0
522.0,352.0,449.0,335.0,470.0,0.16,-0.97,-0.11,-6.04,26.31,0.85,-5.0,-56.0,4.0,0
524.0,351.0,449.0,334.0,468.0,0.17,-0.98,-0.07,-9.46,30.33,-0.55,-4.0,-57.0,3.0,0
523.0,352.0,448.0,336.0,468.0,0.16,-1.01,-0.11,-0.18,38.33,3.42,-2.0,-57.0,4.0,0
523.0,353.0,449.0,333.0,471.0,0.16,-1.0,-0.16,-0.85,40.16,7.51,-4.0,-56.0,-3.0,0
528.0,352.0,449.0,337.0,469.0,0.2,-0.98,-0.1,-12.27,43.21,8.36,-1.0,-59.0,-3.0,0
526.0,353.0,449.0,336.0,470.0,0.2,-1.0,-0.09,5.43,35.1,3.11,-4.0,-59.0,1.0,0
528.0,352.0,450.0,334.0,470.0,0.2,-0.95,-0.11,5.86,27.59,-4.52,-2.0,-58.0,-5.0,0
529.0,350.0,449.0,337.0,468.0,0.14,-0.99,-0.2,17.27,14.34,-3.05,-1.0,-56.0,-4.0,0
531.0,352.0,449.0,335.0,470.0,0.21,-1.0,-0.22,0.92,3.54,-1.1,-4.0,-58.0,-8.0,0
526.0,352.0,450.0,335.0,470.0,0.19,-0.94,-0.26,-3.66,-21.85,-9.64,-2.0,-59.0,-10.0,0
531.0,352.0,448.0,335.0,469.0,0.16,-0.96,-0.17,2.01,-45.35,-9.52,-4.0,-56.0,-7.0,0
528.0,351.0,448.0,337.0,468.0,0.15,-0.99,-0.13,13.85,-55.05,-11.05,-3.0,-58.0,-4.0,0
526.0,353.0,451.0,336.0,470.0,0.15,-1.02,-0.2,16.3,-56.82,-13.0,-4.0,-57.0,2.0,0
526.0,352.0,450.0,337.0,468.0,0.12,-0.97,-0.18,14.28,-57.07,-8.91,-4.0,-55.0,3.0,0
526.0,349.0,449.0,334.0,466.0,0.17,-0.97,-0.21,11.35,-63.11,-12.15,-5.0,-52.0,6.0,0
528.0,351.0,450.0,336.0,467.0,0.13,-0.99,-0.2,4.09,-71.17,-12.39,-7.0,-51.0,10.0,0
527.0,352.0,452.0,335.0,468.0,0.09,-1.05,-0.2,13.85,-77.15,-15.01,-8.0,-49.0,16.0,0
527.0,350.0,451.0,334.0,467.0,0.12,-1.02,-0.2,11.54,-86.98,-13.92,-9.0,-49.0,16.0,0
526.0,353.0,450.0,338.0,469.0,0.08,-0.97,-0.19,10.99,-91.13,-12.82,-9.0,-43.0,19.0,0
528.0,354.0,450.0,336.0,467.0,0.16,-0.95,-0.14,13.73,-82.95,-13.55,-10.0,-38.0,21.0,0
529.0,352.0,452.0,336.0,469.0,0.14,-0.97,-0.18,12.15,-84.47,-18.92,-9.0,-35.0,21.0,0
531.0,352.0,450.0,336.0,469.0,0.06,-1.0,-0.16,27.95,-95.28,-24.54,-14.0,-30.0,25.0,0
531.0,354.0,451.0,335.0,469.0,0.14,-0.98,-0.15,18.49,-71.11,-20.57,-15.0,-26.0,17.0,0
531.0,352.0,452.0,336.0,469.0,0.04,-1.01,-0.18,20.75,-67.2,-21.73,-16.0,-22.0,16.0,0
532.0,351.0,451.0,337.0,470.0,0.06,-1.0,-0.23,12.39,-55.54,-14.4,-15.0,-18.0,14.0,0
529.0,351.0,451.0,336.0,467.0,0.08,-0.97,-0.23,8.85,-47.49,-8.3,-16.0,-18.0,11.0,0
531.0,353.0,449.0,335.0,468.0,0.1,-0.96,-0.23,6.59,-51.7,-8.36,-17.0,-15.0,16.0,0
531.0,353.0,449.0,335.0,467.0,0.11,-1.0,-0.25,12.7,-43.52,-10.07,-17.0,-17.0,15.0,0
530.0,352.0,450.0,335.0,466.0,0.12,-0.99,-0.27,2.56,-36.8,-11.23,-16.0,-13.0,11.0,0
530.0,352.0,449.0,336.0,468.0,0.17,-0.95,-0.22,-7.57,-33.69,-9.77,-19.0,-10.0,18.0,0
529.0,352.0,449.0,336.0,469.0,0.14,-0.95,-0.21,6.77,-26.92,-16.05,-19.0,-8.0,11.0,0
531.0,352.0,450.0,336.0,468.0,0.13,-1.0,-0.28,0.55,-36.07,-21.12,-17.0,-4.0,9.0,0
531.0,352.0,450.0,336.0,469.0,0.16,-0.95,-0.22,-2.26,-48.71,-17.76,-19.0,-7.0,13.0,0
531.0,352.0,449.0,337.0,468.0,0.18,-0.97,-0.17,-4.33,-51.45,-21.67,-18.0,-1.0,4.0,0
531.0,353.0,449.0,335.0,469.0,0.09,-0.99,-0.19,-1.89,-54.57,-17.58,-20.0,0.0,3.0,0
530.0,352.0,450.0,336.0,467.0,0.07,-0.95,-0.21,8.12,-62.87,-7.57,-21.0,1.0,0.0,0
529.0,352.0,449.0,337.0,469.0,0.07,-0.98,-0.24,2.38,-56.15,-10.8,-18.0,0.0,-6.0,0
529.0,353.0,450.0,336.0,467.0,0.04,-1.0,-0.29,10.07,-77.45,-12.88,-20.0,0.0,-7.0,0
530.0,351.0,450.0,337.0,468.0,0.02,-0.98,-0.3,7.81,-64.64,-20.75,-24.0,-2.0,-3.0,0
524.0,351.0,450.0,337.0,468.0,-0.03,-1.0,-0.25,0.43,-58.65,-20.39,-23.0,-1.0,-14.0,0
526.0,351.0,451.0,337.0,467.0,0.04,-0.99,-0.22,-6.29,-42.36,-5.31,-23.0,-1.0,-12.0,0
524.0,352.0,450.0,337.0,467.0,0.04,-0.97,-0.26,-0.37,-31.92,-3.78,-20.0,-3.0,-13.0,0
522.0,352.0,451.0,336.0,467.0,0.07,-0.98,-0.21,7.93,-21.55,8.97,-20.0,-7.0,-13.0,0
522.0,352.0,451.0,337.0,468.0,0.06,-1.0,-0.27,1.34,-11.17,3.54,-20.0,-4.0,-17.0,0
521.0,352.0,450.0,337.0,469.0,0.1,-0.97,-0.22,-5.31,-10.01,11.17,-21.0,-2.0,-13.0,0
520.0,349.0,449.0,335.0,466.0,0.18,-0.95,-0.21,1.22,-2.44,8.24,-20.0,-5.0,-14.0,0
521.0,350.0,450.0,336.0,467.0,0.19,-1.0,-0.23,9.58,-11.05,7.08,-21.0,-7.0,-11.0,0
519.0,349.0,450.0,335.0,466.0,0.22,-0.98,-0.21,-2.62,-22.46,-2.32,-19.0,-8.0,-15.0,0
517.0,349.0,451.0,333.0,467.0,0.18,-0.97,-0.12,-5.62,-42.6,-13.49,-19.0,-7.0,-23.0,0
515.0,350.0,450.0,334.0,463.0,0.17,-0.95,-0.1,-15.87,-21.36,-6.77,-17.0,-8.0,-19.0,0
514.0,348.0,449.0,335.0,465.0,0.2,-0.96,-0.14,6.59,-31.31,-1.65,-18.0,-7.0,-19.0,0
514.0,350.0,450.0,335.0,465.0,0.22,-0.98,-0.16,12.08,-45.65,5.31,-20.0,-8.0,-20.0,0
515.0,351.0,450.0,335.0,465.0,0.19,-0.94,-0.17,22.52,-44.49,-1.95,-17.0,-10.0,-20.0,0
514.0,350.0,449.0,335.0,463.0,0.22,-0.96,-0.15,8.79,-22.28,-10.56,-19.0,-9.0,-24.0,0
518.0,349.0,450.0,334.0,465.0,0.19,-1.0,-0.2,10.44,-22.64,-7.63,-17.0,-14.0,-26.0,0
516.0,351.0,449.0,335.0,464.0,0.19,-0.99,-0.26,15.93,-33.14,1.1,-16.0,-12.0,-27.0,0
516.0,350.0,450.0,335.0,464.0,0.17,-0.98,-0.25,10.99,-37.48,-1.22,-15.0,-14.0,-25.0,0
516.0,349.0,450.0,336.0,465.0,0.23,-0.96,-0.2,4.39,-38.64,-3.78,-16.0,-14.0,-29.0,0
517.0,350.0,448.0,336.0,465.0,0.24,-0.98,-0.2,9.28,-41.75,-6.9,-17.0,-15.0,-29.0,0
519.0,351.0,450.0,335.0,463.0,0.28,-0.95,-0.21,-1.65,-21.73,-4.7,-16.0,-15.0,-32.0,0
517.0,351.0,450.0,334.0,465.0,0.22,-0.98,-0.2,-1.89,-38.76,-4.64,-16.0,-21.0,-35.0,0
517.0,347.0,449.0,335.0,464.0,0.25,-0.96,-0.16,1.46,-36.62,-1.46,-13.0,-20.0,-33.0,0
518.0,350.0,449.0,336.0,465.0,0.26,-0.96,-0.15,0.12,-31.62,1.04,-15.0,-23.0,-29.0,0
514.0,350.0,448.0,333.0,464.0,0.29,-0.9,-0.09,10.86,-60.67,4.03,-15.0,-29.0,-35.0,0
515.0,351.0,450.0,334.0,464.0,0.3,-0.96,-0.09,21.18,-54.81,1.83,-13.0,-33.0,-32.0,0
514.0,350.0,449.0,334.0,466.0,0.29,-0.97,-0.07,15.08,-44.31,-7.26,-12.0,-35.0,-35.0,0
516.0,349.0,449.0,334.0,465.0,0.34,-0.93,-0.07,12.94,-34.36,-10.13,-11.0,-34.0,-37.0,0
517.0,351.0,451.0,333.0,464.0,0.28,-0.96,-0.05,11.41,-19.17,-9.95,-10.0,-41.0,-33.0,0
512.0,352.0,448.0,335.0,462.0,0.25,-0.99,-0.08,17.58,-26.79,-8.48,-10.0,-40.0,-30.0,0
513.0,349.0,449.0,334.0,465.0,0.32,-0.99,-0.09,13.06,-41.44,-5.31,-10.0,-42.0,-35.0,0
515.0,350.0,450.0,334.0,464.0,0.33,-0.98,-0.08,10.74,-27.89,-7.93,-10.0,-43.0,-30.0,0
516.0,348.0,449.0,335.0,464.0,0.28,-0.99,-0.11,10.86,-35.4,-9.16,-8.0,-44.0,-34.0,0
515.0,349.0,450.0,334.0,463.0,0.3,-0.94,-0.11,3.6,-29.66,-7.45,-9.0,-46.0,-34.0,0
514.0,348.0,452.0,335.0,465.0,0.25,-0.96,-0.08,9.03,-34.97,-6.53,-8.0,-47.0,-29.0,0
515.0,349.0,450.0,334.0,464.0,0.29,-0.96,-0.06,6.65,-25.63,-6.41,-8.0,-50.0,-33.0,0
516.0,349.0,452.0,333.0,465.0,0.25,-0.98,-0.08,9.58,-28.32,-6.84,-7.0,-52.0,-30.0,0
514.0,349.0,450.0,334.0,465.0,0.28,-0.96,-0.11,1.1,-23.07,-5.07,-8.0,-54.0,-31.0,0
512.0,351.0,450.0,334.0,466.0,0.28,-0.96,-0.09,6.84,-31.01,-8.91,-5.0,-54.0,-26.0,0
515.0,347.0,450.0,333.0,464.0,0.29,-0.99,-0.13,16.66,-36.68,-11.47,-8.0,-51.0,-27.0,0
513.0,350.0,452.0,334.0,467.0,0.22,-0.92,-0.02,-7.75,-12.7,-2.01,-7.0,-57.0,-24.0,0
516.0,348.0,451.0,335.0,464.0,0.26,-1.01,-0.07,0.67,-4.7,-8.91,-5.0,-53.0,-20.0,0
516.0,348.0,451.0,335.0,466.0,0.24,-0.92,-0.09,1.4,-17.46,-4.27,-7.0,-57.0,-19.0,0
514.0,349.0,450.0,333.0,466.0,0.23,-0.98,-0.09,16.42,-28.81,-5.98,-6.0,-55.0,-17.0,0
517.0,348.0,449.0,335.0,465.0,0.15,-1.04,-0.09,13.06,-31.86,-12.57,-4.0,-57.0,-21.0,0
516.0,349.0,449.0,334.0,465.0,0.08,-1.02,-0.02,-5.98,3.6,-15.32,-6.0,-54.0,-23.0,0
516.0,350.0,451.0,335.0,465.0,0.07,-1.05,-0.05,-0.92,34.67,-4.82,-8.0,-57.0,-19.0,0
515.0,349.0,451.0,334.0,467.0,0.05,-0.99,-0.06,-15.44,60.24,-0.73,-8.0,-53.0,-28.0,0
513.0,350.0,450.0,334.0,464.0,0.1,-0.96,-0.08,-17.88,80.81,-2.99,-10.0,-49.0,-29.0,0
515.0,349.0,451.0,333.0,465.0,0.13,-0.97,-0.09,-6.29,77.76,0.12,-13.0,-46.0,-30.0,0
513.0,348.0,452.0,333.0,465.0,0.1,-1.05,-0.15,1.59,52.06,-3.78,-11.0,-41.0,-30.0,0
512.0,348.0,451.0,333.0,465.0,0.12,-1.07,-0.09,-9.83,45.47,-2.56,-13.0,-39.0,-37.0,0
509.0,347.0,450.0,335.0,465.0,0.12,-1.01,-0.04,-13.67,31.01,6.35,-12.0,-36.0,-31.0,0
510.0,348.0,450.0,337.0,465.0,0.03,-0.98,-0.04,-8.91,38.09,15.56,-11.0,-36.0,-33.0,0
509.0,346.0,449.0,333.0,463.0,0.11,-1.03,-0.04,-11.41,39.79,15.38,-13.0,-35.0,-34.0,0
508.0,347.0,450.0,334.0,465.0,0.1,-1.03,-0.01,-26.37,52.19,8.12,-15.0,-30.0,-31.0,0
509.0,348.0,452.0,335.0,466.0,0.13,-1.01,-0.01,-17.27,47.85,11.29,-14.0,-30.0,-29.0,0
507.0,348.0,450.0,336.0,466.0,0.2,-0.97,0.02,-18.86,52.49,14.04,-17.0,-29.0,-28.0,0
507.0,347.0,450.0,335.0,466.0,0.17,-0.98,0.03,-3.54,50.23,5.86,-18.0,-26.0,-29.0,0
507.0,348.0,451.0,335.0,465.0,0.17,-1.0,0.04,-14.59,59.69,4.7,-18.0,-23.0,-29.0,0
507.0,348.0,451.0,334.0,466.0,0.2,-1.0,0.02,-9.09,57.07,3.11,-18.0,-19.0,-22.0,0
508.0,347.0,450.0,335.0,466.0,0.16,-1.0,-0.02,-9.83,68.24,7.39,-20.0,-19.0,-20.0,0
511.0,348.0,451.0,334.0,467.0,0.18,-1.0,-0.05,-16.78,73.97,4.58,-18.0,-18.0,-21.0,0
507.0,347.0,452.0,334.0,467.0,0.29,-0.92,-0.02,-20.94,73.91,8.48,-19.0,-15.0,-16.0,0
507.0,349.0,449.0,338.0,467.0,0.32,-0.95,-0.03,-12.63,67.2,1.59,-21.0,-12.0,-11.0,0
509.0,347.0,451.0,336.0,466.0,0.28,-1.0,-0.03,-10.62,57.31,0.79,-21.0,-11.0,-10.0,0
508.0,346.0,450.0,336.0,467.0,0.28,-0.97,-0.02,-12.94,49.74,-0.55,-21.0,-10.0,-11.0,0
508.0,348.0,450.0,333.0,467.0,0.29,-0.97,0.02,-9.58,45.29,-0.12,-20.0,-8.0,-8.0,0
506.0,347.0,451.0,334.0,466.0,0.25,-0.99,-0.03,0.55,45.72,1.04,-20.0,-8.0,-7.0,0
506.0,348.0,450.0,335.0,468.0,0.32,-0.96,-0.06,-8.42,56.09,-3.72,-20.0,-8.0,-4.0,0
508.0,346.0,451.0,334.0,467.0,0.27,-0.99,-0.07,-10.19,45.23,-4.39,-22.0,-9.0,-6.0,0
508.0,348.0,452.0,332.0,470.0,0.3,-0.95,-0.05,-9.58,34.79,-2.69,-21.0,-7.0,-2.0,0
509.0,347.0,450.0,334.0,468.0,0.26,-0.98,-0.04,-7.75,43.95,0.61,-19.0,-5.0,2.0,0
508.0,346.0,451.0,335.0,469.0,0.29,-0.97,-0.04,-7.32,37.54,-1.4,-21.0,-7.0,-2.0,0
512.0,349.0,451.0,335.0,468.0,0.3,-0.98,-0.01,-18.92,46.87,-1.95,-20.0,-12.0,7.0,0
510.0,349.0,451.0,336.0,468.0,0.27,-0.97,-0.03,-7.26,30.4,-4.58,-18.0,-4.0,7.0,0
512.0,348.0,451.0,335.0,469.0,0.21,-0.98,-0.0,-10.62,33.63,2.99,-18.0,-7.0,4.0,0
511.0,349.0,451.0,332.0,469.0,0.23,-0.99,-0.01,-0.18,35.1,3.72,-20.0,-5.0,9.0,0
510.0,348.0,452.0,335.0,466.0,0.22,-1.0,-0.03,-0.98,44.74,4.94,-19.0,-8.0,12.0,0
511.0,350.0,452.0,333.0,469.0,0.19,-0.99,-0.07,-5.74,41.87,5.0,-19.0,-10.0,11.0,0
512.0,350.0,451.0,335.0,470.0,0.23,-0.98,-0.04,-9.52,51.82,3.97,-18.0,-9.0,16.0,0
512.0,347.0,452.0,336.0,470.0,0.26,-0.98,-0.06,-9.64,54.81,5.98,-19.0,-12.0,15.0,0
513.0,347.0,451.0,335.0,470.0,0.24,-0.97,-0.06,-8.61,54.5,3.66,-18.0,-14.0,21.0,0
513.0,349.0,452.0,335.0,468.0,0.31,-0.96,-0.07,-1.83,53.83,6.96,-16.0,-16.0,14.0,0
512.0,348.0,452.0,334.0,470.0,0.26,-0.96,-0.12,-3.36,52.92,8.54,-18.0,-19.0,19.0,0
513.0,348.0,452.0,335.0,469.0,0.28,-0.97,-0.11,-13.18,54.63,3.11,-16.0,-20.0,16.0,0
514.0,348.0,452.0,336.0,469.0,0.23,-1.02,-0.13,-18.98,56.95,1.1,-14.0,-21.0,19.0,0
513.0,347.0,450.0,335.0,470.0,0.28,-1.0,-0.13,-22.52,53.1,5.49,-16.0,-26.0,19.0,0
513.0,348.0,453.0,335.0,471.0,0.24,-0.94,-0.11,-12.08,47.79,8.36,-15.0,-24.0,24.0,0
514.0,347.0,452.0,334.0,470.0,0.24,-0.97,-0.09,-5.13,44.25,4.7,-12.0,-27.0,26.0,0
513.0,349.0,452.0,336.0,470.0,0.24,-0.98,-0.08,-16.48,55.05,2.56,-11.0,-31.0,18.0,0
512.0,349.0,453.0,336.0,471.0,0.16,-1.02,-0.06,-13.79,51.27,-0.06,-10.0,-31.0,22.0,0
513.0,347.0,451.0,334.0,471.0,0.2,-0.99,-0.09,-6.71,45.72,5.43,-11.0,-34.0,25.0,0
513.0,349.0,451.0,336.0,470.0,0.25,-0.97,-0.08,-5.68,37.54,2.5,-10.0,-35.0,21.0,0
514.0,349.0,453.0,337.0,471.0,0.24,-0.97,-0.07,-9.83,41.26,2.14,-10.0,-40.0,24.0,0
512.0,350.0,452.0,335.0,471.0,0.22,-0.98,-0.08,-9.52,41.99,2.56,-8.0,-41.0,23.0,0
515.0,349.0,452.0,336.0,471.0,0.27,-0.99,-0.12,-5.8,49.13,6.71,-10.0,-39.0,23.0,0
513.0,349.0,451.0,338.0,470.0,0.31,-0.99,-0.15,-3.54,42.72,5.49,-8.0,-46.0,23.0,0
516.0,350.0,452.0,336.0,471.0,0.3,-0.93,-0.15,-4.58,12.15,5.62,-7.0,-45.0,23.0,0
512.0,350.0,454.0,335.0,471.0,0.3,-0.93,-0.13,-2.32,-0.43,-2.62,-9.0,-45.0,16.0,0
512.0,349.0,452.0,336.0,471.0,0.3,-0.97,-0.13,-0.98,-6.35,-5.25,-8.0,-43.0,21.0,0
513.0,349.0,452.0,337.0,472.0,0.3,-0.95,-0.17,11.41,-26.06,-0.85,-7.0,-44.0,22.0,0
513.0,350.0,452.0,335.0,471.0,0.27,-0.96,-0.18,20.2,-52.8,-12.82,-10.0,-41.0,19.0,0
513.0,351.0,452.0,336.0,469.0,0.27,-0.97,-0.16,15.93,-60.0,-10.56,-8.0,-38.0,22.0,0
513.0,351.0,452.0,335.0,470.0,0.27,-0.99,-0.23,16.3,-67.75,-9.64,-12.0,-37.0,22.0,0
514.0,351.0,452.0,335.0,471.0,0.3,-0.95,-0.15,3.17,-75.32,-2.99,-9.0,-32.0,24.0,0
512.0,350.0,452.0,336.0,468.0,0.12,-1.0,-0.07,19.23,-88.07,-14.47,-13.0,-31.0,27.0,0
512.0,351.0,452.0,336.0,471.0,0.16,-1.0,-0.05,16.6,-58.41,-8.79,-14.0,-27.0,24.0,0
510.0,350.0,452.0,336.0,470.0,0.21,-1.0,-0.08,14.16,-55.66,4.09,-14.0,-22.0,19.0,0
510.0,350.0,453.0,336.0,470.0,0.19,-1.02,-0.12,17.7,-66.89,4.39,-17.0,-24.0,22.0,0
510.0,348.0,452.0,335.0,470.0,0.21,-0.99,-0.1,14.16,-69.15,10.07,-16.0,-21.0,17.0,0
511.0,349.0,453.0,335.0,471.0,0.27,-0.97,-0.1,16.11,-75.56,5.86,-17.0,-18.0,22.0,0
508.0,349.0,449.0,337.0,471.0,0.33,-0.92,-0.07,18.68,-75.93,8.18,-17.0,-20.0,14.0,0
510.0,351.0,452.0,337.0,470.0,0.32,-0.93,-0.11,28.02,-83.56,-0.92,-20.0,-17.0,17.0,0
511.0,350.0,452.0,336.0,471.0,0.3,-0.96,-0.02,23.44,-82.4,-7.39,-21.0,-15.0,11.0,0
512.0,350.0,453.0,335.0,471.0,0.27,-0.97,-0.04,27.04,-70.86,-8.91,-23.0,-13.0,6.0,0
511.0,352.0,453.0,337.0,472.0,0.28,-0.98,-0.03,25.39,-54.63,-7.32,-24.0,-12.0,4.0,0
511.0,352.0,452.0,336.0,470.0,0.26,-1.01,-0.05,22.95,-35.52,-6.71,-22.0,-11.0,1.0,0
511.0,350.0,452.0,334.0,470.0,0.3,-0.98,-0.09,10.86,-28.08,-0.49,-23.0,-11.0,1.0,0
511.0,349.0,453.0,336.0,471.0,0.31,-0.94,-0.07,11.6,-26.18,1.83,-23.0,-9.0,-1.0,0
511.0,351.0,452.0,337.0,472.0,0.33,-0.97,-0.08,12.33,-20.32,-5.31,-24.0,-12.0,0.0,0
512.0,351.0,452.0,335.0,471.0,0.26,-0.98,-0.1,12.39,-25.76,-5.25,-21.0,-13.0,-1.0,0
512.0,351.0,453.0,337.0,471.0,0.3,-0.96,-0.08,15.01,-25.39,-0.79,-24.0,-12.0,-3.0,0
511.0,352.0,452.0,337.0,470.0,0.28,-0.95,-0.07,10.93,-19.84,-2.44,-24.0,-14.0,-6.0,0
511.0,350.0,453.0,336.0,471.0,0.31,-0.96,-0.1,13.37,-20.26,-3.48,-23.0,-12.0,-7.0,0
512.0,352.0,452.0,336.0,471.0,0.3,-0.97,-0.14,15.75,-21.42,-3.6,-21.0,-14.0,-6.0,0
510.0,351.0,452.0,337.0,470.0,0.35,-0.98,-0.2,17.21,-25.94,-3.48,-24.0,-15.0,-8.0,0
512.0,352.0,452.0,335.0,471.0,0.28,-0.96,-0.16,6.53,-26.37,-4.39,-23.0,-14.0,-13.0,0
512.0,351.0,452.0,335.0,471.0,0.28,-0.96,-0.13,14.89,-28.63,2.38,-22.0,-14.0,-13.0,0
512.0,349.0,452.0,338.0,472.0,0.31,-0.94,-0.12,14.77,-23.99,4.09,-22.0,-12.0,-15.0,0
513.0,351.0,453.0,336.0,472.0,0.3,-0.93,-0.12,4.58,-17.33,-9.28,-24.0,-16.0,-13.0,0
513.0,350.0,451.0,335.0,471.0,0.32,-0.97,-0.1,4.03,-16.05,-8.73,-22.0,-14.0,-14.0,0
512.0,352.0,453.0,337.0,471.0,0.33,-0.94,-0.1,4.58,-12.02,-3.72,-23.0,-13.0,-15.0,0
513.0,352.0,451.0,335.0,470.0,0.32,-0.95,-0.15,6.71,-19.47,-8.67,-21.0,-15.0,-17.0,0
511.0,352.0,452.0,335.0,471.0,0.33,-0.98,-0.1,3.85,-22.28,-9.52,-21.0,-13.0,-12.0,0
513.0,350.0,453.0,336.0,471.0,0.27,-0.95,-0.14,8.36,-23.44,-3.42,-20.0,-14.0,-21.0,0
512.0,352.0,451.0,336.0,470.0,0.36,-0.98,-0.1,10.8,-26.18,9.34,-20.0,-13.0,-17.0,0
510.0,351.0,451.0,337.0,470.0,0.33,-0.97,-0.14,9.83,-33.2,3.11,-21.0,-15.0,-22.0,0
512.0,351.0,452.0,336.0,470.0,0.3,-0.94,-0.14,2.08,-21.3,-1.83,-20.0,-18.0,-22.0,0
512.0,351.0,452.0,337.0,470.0,0.35,-0.91,-0.15,0.92,-17.4,-4.82,-18.0,-18.0,-21.0,0
513.0,352.0,452.0,336.0,471.0,0.36,-0.95,-0.14,9.03,-27.16,-5.68,-21.0,-17.0,-23.0,0
512.0,351.0,452.0,336.0,470.0,0.36,-0.95,-0.09,5.43,-32.9,-13.0,-21.0,-17.0,-23.0,0
512.0,350.0,453.0,337.0,471.0,0.32,-0.96,-0.1,6.23,-32.17,-14.89,-19.0,-20.0,-22.0,0
512.0,352.0,453.0,335.0,471.0,0.27,-0.97,-0.12,3.05,-29.3,-12.51,-20.0,-18.0,-23.0,0
511.0,352.0,451.0,336.0,469.0,0.3,-0.97,-0.11,8.24,-30.21,-3.17,-17.0,-18.0,-19.0,0
512.0,353.0,452.0,336.0,468.0,0.29,-0.99,-0.07,3.97,-30.09,-8.06,-20.0,-19.0,-27.0,0
512.0,352.0,453.0,337.0,471.0,0.2,-0.95,-0.03,-2.32,-25.39,-2.01,-18.0,-23.0,-31.0,0
512.0,354.0,453.0,336.0,470.0,0.29,-0.92,-0.08,9.64,-21.12,0.61,-19.0,-25.0,-23.0,0
512.0,353.0,452.0,338.0,472.0,0.26,-1.04,-0.11,16.6,-33.39,-2.32,-17.0,-24.0,-33.0,0
512.0,351.0,451.0,336.0,470.0,0.29,-0.99,-0.06,-0.31,-18.19,0.37,-17.0,-24.0,-29.0,0
512.0,352.0,453.0,337.0,472.0,0.21,-0.95,-0.09,5.86,-30.4,1.65,-18.0,-26.0,-30.0,0
513.0,352.0,453.0,337.0,471.0,0.33,-0.99,-0.09,4.64,-38.57,2.44,-19.0,-28.0,-29.0,0
513.0,353.0,453.0,336.0,469.0,0.25,-0.94,0.0,7.69,-26.31,-4.15,-16.0,-28.0,-31.0,0
513.0,350.0,454.0,338.0,472.0,0.24,-0.93,0.01,6.23,-17.64,-2.56,-18.0,-33.0,-33.0,0
512.0,353.0,451.0,337.0,469.0,0.36,-1.04,-0.06,6.71,-13.61,-6.59,-16.0,-33.0,-31.0,0
513.0,352.0,452.0,336.0,471.0,0.28,-0.96,-0.06,5.13,-14.71,-0.49,-17.0,-33.0,-38.0,0
513.0,353.0,455.0,339.0,471.0,0.27,-0.96,-0.04,3.54,-19.29,0.37,-15.0,-32.0,-34.0,0
513.0,352.0,452.0,336.0,471.0,0.23,-0.99,-0.05,10.31,-14.59,-5.0,-17.0,-32.0,-32.0,0
512.0,352.0,452.0,337.0,469.0,0.25,-1.0,-0.05,-0.31,-5.49,-1.4,-15.0,-34.0,-33.0,0
513.0,351.0,453.0,335.0,471.0,0.3,-0.95,-0.07,1.59,-2.32,-0.92,-17.0,-34.0,-31.0,0
513.0,353.0,454.0,336.0,471.0,0.21,-0.98,-0.06,1.83,-1.95,-2.99,-15.0,-33.0,-31.0,0
513.0,353.0,453.0,337.0,472.0,0.21,-0.99,-0.02,-1.22,5.8,-0.24,-15.0,-33.0,-31.0,0
513.0,354.0,452.0,336.0,471.0,0.22,-0.99,-0.04,-3.42,16.66,0.55,-15.0,-33.0,-34.0,0
513.0,354.0,452.0,336.0,468.0,0.29,-1.0,-0.04,-9.03,28.2,-1.1,-16.0,-32.0,-32.0,0
512.0,355.0,453.0,337.0,472.0,0.29,-0.96,-0.09,-7.32,24.23,2.75,-17.0,-31.0,-30.0,0
514.0,352.0,453.0,339.0,470.0,0.26,-0.99,-0.02,-10.19,26.25,-1.28,-18.0,-27.0,-31.0,0
512.0,353.0,452.0,335.0,470.0,0.21,-0.96,-0.04,-4.39,28.5,-1.59,-17.0,-27.0,-29.0,0
512.0,353.0,452.0,337.0,471.0,0.23,-0.99,-0.02,-9.28,36.62,0.55,-20.0,-25.0,-31.0,0
512.0,353.0,452.0,338.0,472.0,0.2,-0.98,-0.04,-4.03,42.18,1.83,-19.0,-23.0,-29.0,0
512.0,353.0,451.0,337.0,469.0,0.24,-1.02,-0.12,-5.37,43.76,-2.14,-17.0,-20.0,-30.0,0
514.0,352.0,455.0,337.0,471.0,0.26,-0.98,-0.08,-10.38,38.21,-1.77,-19.0,-17.0,-27.0,0
512.0,353.0,454.0,338.0,472.0,0.27,-0.97,-0.03,-10.5,40.83,-1.1,-20.0,-18.0,-22.0,0
512.0,352.0,453.0,338.0,472.0,0.19,-1.02,-0.06,-11.6,42.91,1.71,-20.0,-16.0,-21.0,0
511.0,352.0,453.0,334.0,472.0,0.18,-0.99,-0.06,-11.84,42.48,1.46,-20.0,-14.0,-21.0,0
512.0,352.0,453.0,337.0,472.0,0.24,-0.94,-0.06,-11.11,48.77,2.62,-24.0,-11.0,-19.0,0
511.0,352.0,453.0,337.0,472.0,0.23,-0.99,-0.05,-5.13,42.36,1.04,-19.0,-11.0,-17.0,0
511.0,353.0,454.0,336.0,470.0,0.25,-1.0,-0.04,-9.22,39.31,-0.79,-21.0,-10.0,-14.0,0
510.0,352.0,454.0,336.0,472.0,0.21,-0.98,-0.04,-6.65,32.9,1.4,-18.0,-10.0,-9.0,0
511.0,351.0,454.0,337.0,471.0,0.2,-1.0,-0.05,-4.27,28.5,-0.12,-21.0,-8.0,-13.0,0
510.0,349.0,453.0,336.0,471.0,0.19,-1.01,-0.0,-5.0,30.64,3.17,-19.0,-7.0,-9.0,0
512.0,351.0,453.0,334.0,472.0,0.24,-0.97,-0.07,-7.14,44.86,9.09,-21.0,-8.0,-10.0,0
511.0,351.0,453.0,337.0,471.0,0.23,-0.98,-0.1,-9.89,45.72,1.22,-23.0,-5.0,-8.0,0
511.0,352.0,453.0,336.0,472.0,0.19,-1.01,-0.06,-7.08,41.08,1.71,-23.0,-5.0,-3.0,0
512.0,351.0,453.0,335.0,471.0,0.21,-0.99,-0.05,-4.52,47.91,5.92,-23.0,-5.0,-1.0,0
511.0,352.0,453.0,336.0,471.0,0.18,-0.96,-0.09,-4.09,53.22,3.42,-21.0,-4.0,-4.0,0
511.0,354.0,451.0,336.0,472.0,0.24,-0.99,-0.08,-8.61,51.51,0.67,-21.0,-2.0,2.0,0
512.0,353.0,453.0,334.0,472.0,0.2,-1.02,-0.05,-12.63,53.16,0.43,-20.0,-4.0,-2.0,0
513.0,353.0,453.0,337.0,473.0,0.23,-0.99,-0.02,-12.33,49.19,0.49,-20.0,-5.0,4.0,0
513.0,354.0,454.0,336.0,472.0,0.25,-0.96,-0.03,-10.01,42.05,3.6,-20.0,-7.0,8.0,0
513.0,353.0,453.0,336.0,474.0,0.21,-1.0,-0.08,0.98,30.94,7.69,-18.0,-4.0,11.0,0
513.0,351.0,449.0,334.0,473.0,0.25,-0.96,-0.07,-3.78,34.48,-0.79,-19.0,-8.0,12.0,0
512.0,349.0,448.0,333.0,473.0,0.24,-0.97,-0.03,-2.81,29.72,4.52,-20.0,-8.0,14.0,0
512.0,351.0,450.0,333.0,473.0,0.2,-1.0,-0.08,2.62,15.99,-0.67,-19.0,-8.0,10.0,0
512.0,353.0,449.0,332.0,472.0,0.23,-0.98,-0.04,-3.72,30.03,8.0,-20.0,-10.0,12.0,0
513.0,354.0,449.0,334.0,472.0,0.2,-0.97,-0.1,6.96,24.35,9.34,-19.0,-10.0,11.0,0
512.0,349.0,449.0,332.0,471.0,0.24,-0.97,-0.14,1.46,27.71,11.96,-17.0,-12.0,16.0,0
512.0,351.0,448.0,334.0,471.0,0.31,-0.97,-0.1,-2.75,21.85,12.82,-21.0,-14.0,14.0,0
512.0,353.0,448.0,337.0,472.0,0.29,-0.96,-0.14,-3.05,20.57,6.96,-19.0,-15.0,6.0,0
513.0,351.0,449.0,333.0,472.0,0.29,-0.95,-0.14,-5.68,20.02,8.0,-20.0,-17.0,13.0,0
511.0,352.0,449.0,331.0,472.0,0.31,-0.96,-0.12,1.83,9.58,2.99,-20.0,-18.0,13.0,0
513.0,352.0,449.0,333.0,473.0,0.3,-0.96,-0.13,3.78,2.69,2.26,-19.0,-15.0,16.0,0
509.0,351.0,448.0,333.0,474.0,0.3,-0.98,-0.12,3.85,2.56,2.26,-16.0,-16.0,16.0,0
512.0,352.0,450.0,333.0,475.0,0.27,-0.93,-0.09,-10.5,14.4,5.13,-15.0,-16.0,17.0,0
513.0,353.0,450.0,335.0,472.0,0.29,-0.96,-0.14,-2.26,15.87,-2.14,-18.0,-18.0,12.0,0
511.0,353.0,448.0,334.0,474.0,0.29,-0.99,-0.17,-2.99,13.06,-2.5,-17.0,-18.0,12.0,0
512.0,352.0,450.0,334.0,474.0,0.27,-0.98,-0.1,-11.23,18.07,-2.38,-16.0,-18.0,16.0,0
512.0,351.0,452.0,335.0,473.0,0.24,-0.95,-0.1,-9.03,25.7,1.59,-17.0,-19.0,14.0,0
512.0,353.0,450.0,335.0,474.0,0.25,-0.99,-0.15,-4.03,30.76,2.38,-18.0,-22.0,16.0,0
513.0,353.0,452.0,335.0,474.0,0.29,-0.96,-0.14,-11.29,29.48,3.3,-14.0,-21.0,20.0,0
514.0,354.0,451.0,332.0,475.0,0.27,-0.96,-0.13,-2.93,20.39,0.98,-16.0,-23.0,21.0,0
513.0,353.0,450.0,334.0,474.0,0.24,-0.97,-0.13,3.85,19.35,0.37,-17.0,-21.0,22.0,0
512.0,354.0,452.0,334.0,474.0,0.33,-0.98,-0.11,-7.26,30.09,2.32,-17.0,-23.0,14.0,0
514.0,354.0,452.0,335.0,475.0,0.25,-0.99,-0.11,-8.06,18.98,3.78,-17.0,-23.0,22.0,0
512.0,355.0,450.0,334.0,474.0,0.24,-0.95,-0.11,-7.51,20.2,5.19,-18.0,-23.0,21.0,0
512.0,354.0,449.0,335.0,475.0,0.26,-0.96,-0.12,-2.56,22.89,3.05,-13.0,-25.0,20.0,0
512.0,355.0,451.0,337.0,473.0,0.25,-0.96,-0.15,-0.12,21.42,2.2,-16.0,-24.0,16.0,0
513.0,355.0,452.0,336.0,472.0,0.27,-0.98,-0.16,-2.69,20.45,2.93,-14.0,-26.0,21.0,0
513.0,356.0,450.0,333.0,474.0,0.27,-0.97,-0.15,-4.52,17.88,3.17,-14.0,-29.0,19.0,0
513.0,356.0,449.0,336.0,472.0,0.24,-0.96,-0.14,-3.11,20.81,4.33,-12.0,-29.0,19.0,0
513.0,355.0,451.0,335.0,474.0,0.24,-0.96,-0.14,-4.33,19.35,1.89,-10.0,-31.0,20.0,0
512.0,356.0,451.0,335.0,475.0,0.25,-0.96,-0.16,-2.01,20.75,0.55,-13.0,-31.0,22.0,0
512.0,355.0,450.0,336.0,475.0,0.27,-0.96,-0.16,-3.6,18.74,-0.55,-14.0,-31.0,19.0,0
513.0,355.0,452.0,336.0,474.0,0.23,-0.96,-0.16,-1.71,18.49,0.06,-16.0,-32.0,19.0,0
513.0,356.0,452.0,335.0,473.0,0.26,-0.97,-0.17,-0.31,19.65,-1.22,-14.0,-30.0,21.0,0
514.0,355.0,452.0,336.0,473.0,0.24,-0.99,-0.18,-3.11,10.99,1.34,-15.0,-34.0,19.0,0
514.0,354.0,450.0,335.0,475.0,0.24,-0.96,-0.16,-7.2,7.63,2.14,-11.0,-33.0,17.0,0
510.0,355.0,450.0,335.0,475.0,0.28,-0.97,-0.15,-2.99,3.42,0.31,-12.0,-36.0,19.0,0
513.0,355.0,452.0,336.0,474.0,0.29,-0.95,-0.17,-1.1,-5.13,1.34,-13.0,-33.0,22.0,0
513.0,356.0,451.0,336.0,474.0,0.29,-0.95,-0.18,5.8,-18.07,-2.75,-14.0,-31.0,21.0,0
513.0,355.0,453.0,335.0,474.0,0.28,-0.98,-0.16,9.03,-27.16,-8.48,-13.0,-33.0,19.0,0
512.0,356.0,451.0,335.0,473.0,0.25,-0.95,-0.12,4.82,-26.43,-6.59,-14.0,-29.0,24.0,0
513.0,357.0,451.0,333.0,475.0,0.22,-0.97,-0.17,11.23,-31.19,-8.67,-13.0,-27.0,20.0,0
514.0,356.0,452.0,333.0,473.0,0.22,-0.98,-0.19,11.35,-36.62,-8.24,-14.0,-28.0,21.0,0
513.0,354.0,452.0,336.0,475.0,0.24,-0.98,-0.16,4.15,-38.15,-5.43,-16.0,-24.0,17.0,0
514.0,355.0,452.0,336.0,474.0,0.18,-0.99,-0.18,8.97,-46.81,-5.49,-15.0,-23.0,18.0,0
513.0,356.0,451.0,336.0,473.0,0.23,-0.98,-0.16,7.93,-39.37,-1.4,-15.0,-20.0,21.0,0
512.0,357.0,451.0,336.0,475.0,0.22,-0.97,-0.14,7.39,-41.69,0.43,-18.0,-19.0,16.0,0
514.0,357.0,452.0,335.0,475.0,0.23,-0.97,-0.13,8.67,-40.41,3.54,-17.0,-18.0,16.0,0
512.0,355.0,452.0,337.0,473.0,0.29,-0.96,-0.13,11.11,-41.5,3.66,-15.0,-19.0,13.0,0
513.0,355.0,451.0,335.0,474.0,0.25,-0.97,-0.15,14.28,-49.13,-8.97,-19.0,-15.0,14.0,0
512.0,356.0,453.0,336.0,475.0,0.3,-0.96,-0.11,9.46,-41.87,-0.12,-19.0,-16.0,15.0,0
512.0,356.0,451.0,335.0,473.0,0.32,-1.05,-0.16,17.7,-54.93,-4.94,-19.0,-15.0,14.0,0
512.0,357.0,454.0,335.0,472.0,0.26,-0.92,-0.08,-9.95,-40.22,1.16,-19.0,-16.0,9.0,0
512.0,355.0,452.0,335.0,473.0,0.33,-0.94,-0.09,9.89,-54.02,-4.64,-21.0,-14.0,10.0,0
512.0,358.0,451.0,335.0,471.0,0.3,-0.97,-0.11,20.26,-46.69,-7.51,-22.0,-12.0,9.0,0
512.0,355.0,453.0,336.0,473.0,0.25,-0.92,-0.05,5.55,-33.75,-4.64,-22.0,-11.0,5.0,0
512.0,353.0,454.0,334.0,472.0,0.28,-1.0,-0.06,7.93,-40.28,-11.47,-21.0,-9.0,4.0,0
513.0,356.0,452.0,335.0,474.0,0.3,-1.02,-0.07,9.22,-29.48,-7.39,-22.0,-9.0,3.0,0
511.0,355.0,452.0,336.0,471.0,0.16,-0.93,-0.08,8.73,-39.67,0.18,-21.0,-9.0,4.0,0
512.0,355.0,452.0,335.0,470.0,0.3,-0.96,-0.1,17.15,-47.85,-6.53,-24.0,-9.0,3.0,0
512.0,356.0,453.0,332.0,472.0,0.23,-0.98,-0.1,17.88,-42.54,-4.21,-24.0,-11.0,-1.0,0
513.0,357.0,453.0,335.0,472.0,0.19,-1.04,-0.11,19.04,-45.65,-2.2,-24.0,-9.0,-3.0,0
512.0,356.0,453.0,334.0,472.0,0.25,-0.99,-0.09,15.08,-50.42,7.69,-23.0,-10.0,-4.0,0
512.0,356.0,451.0,336.0,472.0,0.26,-0.96,-0.16,26.73,-50.96,9.58,-22.0,-13.0,-6.0,0
512.0,357.0,452.0,333.0,471.0,0.32,-0.96,-0.07,11.72,-38.33,4.82,-21.0,-14.0,-11.0,0
512.0,355.0,453.0,334.0,471.0,0.37,-0.94,-0.09,10.44,-36.13,2.2,-23.0,-12.0,-11.0,0
512.0,354.0,454.0,333.0,471.0,0.4,-0.95,-0.13,17.7,-40.59,-3.05,-22.0,-15.0,-8.0,0
512.0,356.0,452.0,332.0,471.0,0.35,-0.95,-0.08,9.34,-37.35,-2.5,-21.0,-15.0,-12.0,0
512.0,356.0,454.0,333.0,471.0,0.33,-0.99,-0.06,15.5,-35.95,-1.4,-22.0,-16.0,-17.0,0
512.0,357.0,452.0,334.0,471.0,0.33,-0.93,-0.08,14.89,-27.4,0.55,-21.0,-18.0,-16.0,0
512.0,356.0,453.0,334.0,472.0,0.35,-0.91,-0.09,4.7,-34.48,5.43,-20.0,-17.0,-22.0,0
512.0,354.0,454.0,334.0,472.0,0.41,-0.92,-0.05,3.6,-32.59,1.53,-17.0,-20.0,-17.0,0
512.0,355.0,453.0,335.0,471.0,0.38,-0.89,-0.02,12.15,-37.41,4.15,-20.0,-23.0,-19.0,0
512.0,355.0,453.0,335.0,471.0,0.4,-0.94,-0.07,22.03,-21.79,0.79,-20.0,-25.0,-20.0,0
512.0,356.0,451.0,336.0,471.0,0.39,-0.97,-0.1,4.09,-13.24,-3.54,-20.0,-26.0,-21.0,0
512.0,355.0,453.0,333.0,471.0,0.42,-0.92,-0.09,2.5,-14.28,-0.73,-20.0,-22.0,-27.0,0
512.0,356.0,453.0,335.0,472.0,0.45,-0.93,-0.06,4.03,-29.6,2.87,-21.0,-24.0,-25.0,0
510.0,356.0,452.0,335.0,473.0,0.44,-0.87,-0.02,7.51,-51.21,4.82,-20.0,-26.0,-24.0,0
511.0,355.0,452.0,334.0,472.0,0.45,-0.92,-0.03,20.94,-44.86,-7.63,-18.0,-27.0,-28.0,0
510.0,356.0,451.0,333.0,471.0,0.35,-0.93,0.03,8.61,-27.77,-6.41,-20.0,-29.0,-22.0,0
511.0,353.0,452.0,332.0,472.0,0.39,-0.93,0.0,14.71,-23.8,-0.73,-19.0,-29.0,-28.0,0
512.0,355.0,455.0,333.0,473.0,0.42,-0.95,-0.02,12.82,-18.01,-5.86,-18.0,-28.0,-26.0,0
510.0,356.0,454.0,333.0,473.0,0.36,-0.95,-0.05,8.61,-17.82,-3.3,-17.0,-30.0,-27.0,0
511.0,357.0,453.0,333.0,471.0,0.35,-0.96,-0.02,6.04,-13.24,-1.59,-19.0,-30.0,-27.0,0
509.0,355.0,451.0,335.0,472.0,0.33,-0.94,-0.04,1.71,-6.35,-4.7,-17.0,-30.0,-33.0,0
511.0,355.0,453.0,334.0,472.0,0.35,-0.96,0.0,-1.59,0.31,-3.11,-17.0,-31.0,-26.0,0
510.0,357.0,451.0,334.0,472.0,0.32,-0.97,0.02,-4.88,10.13,-0.79,-18.0,-30.0,-26.0,0
509.0,355.0,453.0,336.0,473.0,0.35,-0.96,-0.02,-9.77,22.46,-3.17,-16.0,-29.0,-27.0,0
510.0,357.0,452.0,335.0,470.0,0.34,-0.95,0.0,-11.66,28.63,-2.26,-20.0,-28.0,-27.0,0
510.0,357.0,453.0,336.0,471.0,0.36,-0.96,-0.02,-14.65,34.3,1.04,-19.0,-27.0,-22.0,0
511.0,356.0,453.0,335.0,472.0,0.36,-0.93,-0.01,-14.77,27.28,3.36,-20.0,-26.0,-26.0,0
509.0,358.0,452.0,336.0,472.0,0.39,-0.94,0.01,-6.59,26.92,-0.24,-21.0,-25.0,-20.0,0
510.0,356.0,453.0,334.0,473.0,0.38,-0.93,-0.02,-9.52,27.16,-2.32,-22.0,-24.0,-23.0,0
509.0,356.0,451.0,336.0,472.0,0.36,-0.94,-0.03,-6.04,27.77,-0.31,-21.0,-23.0,-20.0,0
510.0,357.0,453.0,333.0,473.0,0.36,-0.96,-0.01,-9.16,39.06,-0.37,-18.0,-21.0,-18.0,0
508.0,357.0,452.0,334.0,472.0,0.35,-0.93,-0.02,-15.56,37.54,-2.5,-22.0,-20.0,-24.0,0
510.0,357.0,452.0,335.0,473.0,0.33,-0.94,-0.02,-7.08,30.76,-0.92,-21.0,-20.0,-19.0,0
510.0,354.0,452.0,336.0,473.0,0.39,-0.95,0.0,-7.93,42.79,-0.98,-20.0,-18.0,-20.0,0
511.0,358.0,451.0,336.0,473.0,0.37,-0.96,-0.05,-14.22,57.8,5.31,-21.0,-17.0,-17.0,0
511.0,357.0,453.0,333.0,475.0,0.34,-0.97,-0.08,-10.19,41.14,-4.27,-22.0,-16.0,-15.0,0
509.0,357.0,452.0,337.0,474.0,0.29,-0.98,-0.06,-13.24,33.51,-4.94,-21.0,-16.0,-14.0,0
512.0,357.0,453.0,336.0,474.0,0.28,-0.95,-0.08,-9.4,37.29,-1.65,-22.0,-10.0,-15.0,0
511.0,357.0,453.0,334.0,474.0,0.31,-0.95,-0.08,-6.1,36.13,-4.7,-23.0,-13.0,-11.0,0
510.0,358.0,452.0,335.0,474.0,0.28,-0.97,-0.06,-4.76,45.96,-8.61,-21.0,-12.0,-10.0,0
510.0,356.0,453.0,335.0,475.0,0.29,-0.99,-0.1,-5.49,52.73,-2.44,-22.0,-10.0,-10.0,0
510.0,356.0,452.0,336.0,474.0,0.21,-1.02,-0.14,2.26,43.4,-1.65,-24.0,-7.0,-6.0,0
512.0,356.0,454.0,335.0,473.0,0.21,-0.99,-0.11,-10.38,34.61,7.45,-21.0,-7.0,-5.0,0
512.0,355.0,453.0,335.0,473.0,0.29,-0.94,-0.08,-15.99,40.53,13.85,-23.0,-10.0,-2.0,0
511.0,358.0,452.0,336.0,474.0,0.27,-0.94,-0.08,-17.58,54.02,12.33,-21.0,-8.0,-1.0,0
511.0,357.0,452.0,333.0,475.0,0.3,-0.95,-0.1,-12.76,45.47,5.55,-24.0,-11.0,2.0,0
511.0,357.0,453.0,332.0,473.0,0.28,-0.95,-0.11,-5.74,28.93,0.24,-22.0,-10.0,3.0,0
511.0,358.0,453.0,335.0,474.0,0.26,-0.98,-0.1,-4.15,29.17,2.99,-23.0,-8.0,4.0,0
512.0,357.0,452.0,335.0,474.0,0.27,-1.0,-0.12,-6.47,36.74,7.63,-21.0,-12.0,4.0,0
510.0,357.0,451.0,336.0,473.0,0.3,-0.95,-0.13,-14.22,36.93,3.6,-23.0,-10.0,8.0,0
511.0,358.0,453.0,335.0,473.0,0.26,-0.96,-0.09,-12.7,35.46,0.85,-23.0,-9.0,4.0,0
512.0,357.0,450.0,336.0,473.0,0.26,-0.98,-0.09,-6.65,26.79,2.2,-20.0,-12.0,9.0,0
512.0,357.0,452.0,335.0,473.0,0.28,-0.95,-0.08,-6.96,27.89,4.7,-21.0,-11.0,11.0,0
512.0,356.0,453.0,334.0,474.0,0.3,-0.95,-0.09,-1.77,26.61,3.36,-20.0,-13.0,13.0,0
511.0,354.0,452.0,335.0,474.0,0.28,-0.97,-0.1,-2.69,19.23,0.79,-18.0,-12.0,13.0,0
513.0,357.0,452.0,336.0,473.0,0.29,-0.98,-0.1,-3.6,14.28,0.06,-20.0,-14.0,12.0,0
512.0,356.0,453.0,335.0,473.0,0.29,-0.94,-0.13,-9.03,9.52,0.43,-19.0,-14.0,12.0,0
513.0,357.0,452.0,335.0,475.0,0.27,-0.98,-0.1,-3.36,4.52,-4.39,-19.0,-12.0,13.0,0
513.0,358.0,451.0,335.0,472.0,0.26,-0.99,-0.1,-3.23,5.0,3.97,-21.0,-12.0,11.0,0
512.0,355.0,452.0,337.0,473.0,0.27,-0.97,-0.09,-3.54,8.18,4.88,-20.0,-12.0,17.0,0
511.0,358.0,452.0,335.0,474.0,0.24,-0.94,-0.1,-0.85,10.62,5.31,-21.0,-17.0,14.0,0
513.0,356.0,453.0,335.0,474.0,0.28,-0.96,-0.09,-0.55,12.08,0.0,-20.0,-17.0,14.0,0
512.0,358.0,452.0,336.0,472.0,0.27,-0.98,-0.1,0.18,13.43,0.12,-19.0,-15.0,14.0,0
513.0,357.0,452.0,335.0,472.0,0.29,-0.99,-0.1,-2.01,11.54,2.08,-20.0,-16.0,14.0,0
512.0,358.0,452.0,335.0,475.0,0.27,-0.95,-0.11,0.24,5.25,1.16,-20.0,-17.0,18.0,0
513.0,357.0,452.0,335.0,475.0,0.29,-0.96,-0.12,-2.56,7.2,-3.3,-18.0,-15.0,14.0,0
512.0,357.0,453.0,335.0,475.0,0.27,-0.97,-0.11,-3.72,8.67,-1.83,-18.0,-15.0,14.0,0
513.0,358.0,452.0,336.0,473.0,0.29,-0.96,-0.1,-0.92,3.48,-2.01,-19.0,-16.0,16.0,0
513.0,358.0,454.0,337.0,475.0,0.24,-0.97,-0.08,0.12,2.87,-2.2,-19.0,-15.0,17.0,0
512.0,360.0,453.0,336.0,473.0,0.26,-0.97,-0.09,-2.5,10.31,0.18,-18.0,-17.0,14.0,0
513.0,358.0,452.0,334.0,474.0,0.25,-1.0,-0.1,-3.36,8.91,-4.82,-18.0,-18.0,13.0,0
512.0,359.0,452.0,337.0,475.0,0.24,-0.99,-0.08,-2.93,9.46,0.55,-17.0,-15.0,14.0,0
512.0,357.0,451.0,334.0,475.0,0.27,-0.97,-0.06,-3.11,15.69,4.27,-18.0,-17.0,19.0,0
512.0,358.0,453.0,334.0,474.0,0.24,-0.94,-0.09,-3.42,15.32,-1.16,-17.0,-16.0,17.0,0
513.0,356.0,453.0,335.0,474.0,0.23,-0.95,-0.07,-2.38,20.14,-5.43,-19.0,-17.0,23.0,0
513.0,357.0,454.0,335.0,474.0,0.22,-1.01,-0.12,0.73,15.26,-9.34,-17.0,-18.0,19.0,0
513.0,358.0,452.0,335.0,475.0,0.2,-1.0,-0.08,-3.17,14.83,0.0,-15.0,-19.0,17.0,0
512.0,358.0,454.0,336.0,475.0,0.22,-0.99,-0.1,-0.61,16.85,0.49,-18.0,-18.0,21.0,0
514.0,357.0,454.0,336.0,475.0,0.22,-0.97,-0.09,-1.4,14.1,2.38,-15.0,-20.0,18.0,0
512.0,358.0,454.0,337.0,475.0,0.2,-0.98,-0.13,1.34,15.01,2.14,-18.0,-20.0,20.0,0
512.0,358.0,453.0,336.0,475.0,0.23,-0.98,-0.14,-2.08,12.15,0.85,-17.0,-18.0,16.0,0
512.0,357.0,454.0,334.0,474.0,0.21,-0.98,-0.11,-0.24,8.36,2.26,-16.0,-20.0,15.0,0
512.0,360.0,453.0,336.0,475.0,0.22,-0.98,-0.14,0.0,5.8,1.4,-17.0,-21.0,17.0,0
512.0,357.0,453.0,338.0,476.0,0.22,-0.98,-0.12,-2.08,3.05,0.98,-15.0,-19.0,16.0,0
513.0,357.0,454.0,335.0,475.0,0.2,-0.98,-0.12,2.32,-1.46,1.95,-14.0,-20.0,20.0,0
512.0,359.0,453.0,336.0,475.0,0.22,-0.96,-0.11,1.28,-1.16,3.85,-19.0,-21.0,19.0,0
512.0,359.0,454.0,336.0,474.0,0.22,-0.99,-0.12,3.85,-5.19,-0.37,-17.0,-21.0,22.0,0
514.0,357.0,454.0,335.0,473.0,0.21,-0.98,-0.14,2.81,-4.82,-0.73,-18.0,-21.0,17.0,0
512.0,358.0,453.0,335.0,475.0,0.22,-0.99,-0.12,0.73,-3.23,0.49,-18.0,-20.0,17.0,0
512.0,357.0,453.0,336.0,476.0,0.21,-0.98,-0.1,-0.49,-1.4,1.95,-17.0,-21.0,14.0,0
512.0,360.0,454.0,335.0,475.0,0.23,-0.98,-0.11,0.0,0.18,1.46,-17.0,-20.0,18.0,0
514.0,356.0,453.0,335.0,475.0,0.23,-0.97,-0.11,0.49,0.0,1.16,-18.0,-20.0,18.0,0
513.0,358.0,452.0,336.0,474.0,0.24,-0.97,-0.12,1.16,0.12,0.61,-15.0,-20.0,21.0,0
514.0,358.0,455.0,336.0,476.0,0.21,-0.98,-0.12,0.79,-2.08,0.55,-17.0,-20.0,21.0,0
513.0,359.0,453.0,335.0,473.0,0.23,-0.98,-0.11,0.24,0.0,2.08,-16.0,-21.0,18.0,0
513.0,359.0,453.0,336.0,476.0,0.24,-0.97,-0.12,-0.31,-1.1,-0.24,-17.0,-20.0,17.0,0
512.0,358.0,453.0,336.0,476.0,0.23,-0.97,-0.11,2.44,0.49,-1.04,-19.0,-18.0,22.0,0
512.0,359.0,454.0,337.0,475.0,0.23,-0.98,-0.12,2.2,-0.31,-1.22,-16.0,-19.0,18.0,0
514.0,358.0,454.0,336.0,475.0,0.23,-0.98,-0.11,1.04,-0.31,0.55,-17.0,-21.0,19.0,0
514.0,359.0,454.0,336.0,476.0,0.22,-0.98,-0.12,2.32,0.18,-0.31,-16.0,-21.0,17.0,0
